,label,portion_info,energy,protein,total_fat,carbs,fibre,sodium,portion_size
AP001,Rice,100 g,180.0,3.0,0.3,39.8,0.2,1.0,100
AP002,"Rice, steamed",100 g,120.0,2.4,0.4,26.0,0.5,0.0,100
AP003,"Rice, tapai",100 g,99.0,1.7,0.3,22.4,0.0,26.0,100
AP004,"Rice, flour, raw",100 g,353.0,7.0,0.5,80.0,2.4,5.0,100
AP005,Red rice,100 g,149.0,2.8,0.4,32.5,0.3,5.0,100
AP006,"Vermicelli, raw",100 g,348.0,4.7,0.1,82.1,1.2,12.0,100
AP007,"Vermicelli, fried, instant",100 g,381.0,6.1,3.9,80.3,,928.0,100
AP008,"Corn vermicelli, raw",100 g,354.0,0.5,0.3,87.4,3.0,49.0,100
AP009,Corn rice,100 g,357.0,8.8,0.5,79.5,6.2,2.0,100
AP010,"Corn, young, boiled",100 g,142.0,5.0,0.7,30.3,0.8,5.0,100
AP011,"Corn, yellow, flour",100 g,355.0,9.2,3.9,73.7,7.2,11.0,100
AP012,"Corn, yellow, shelled, boiled",100 g,154.0,3.8,3.5,28.4,0.7,5.0,100
AP013,"Corn, white, flour",100 g,355.0,9.2,3.9,73.7,7.2,11.0,100
AP014,"Glutinous rice, ketupat",100 g,212.0,4.0,4.6,38.6,0.2,,100
AP015,"Glutinous rice, black, cooked",100 g,181.0,4.0,1.2,37.3,0.3,9.0,100
AP016,"Glutinous rice, black, tapai",100 g,166.0,3.8,1.0,34.4,0.3,5.0,100
AP017,"Glutinous rice, white, cooked",100 g,163.0,3.0,0.4,35.7,0.2,8.0,100
AP018,"Glutinous rice, white, tapai",100 g,172.0,3.0,0.5,37.5,0.6,1.0,100
AP019,Cornstarch,100 g,341.0,0.3,0.0,85.0,7.0,6.0,100
AP020,"Macaroni, raw",100 g,353.0,8.7,0.4,78.7,4.9,5.0,100
AP021,"Noodle, wet",100 g,88.0,0.6,3.3,14.0,0.1,63.0,100
AP022,"Noodle, dried",100 g,339.0,10.0,1.7,6.3,0.4,760.0,100
AP023,Misua,100 g,345.0,8.5,2.2,78.0,0.5,3.0,100
AP024,"Bread, white",100 g,248.0,8.0,1.2,50.0,9.1,530.0,100
AP025,"Wheat, flour",100 g,333.0,9.0,1.0,77.2,0.3,2.0,100
AP026,Amparan tatak,100 g,191.0,1.3,5.5,34.0,,,100
AP027,"Apang, steamed, kue",100 g,202.0,3.0,0.3,46.7,,,100
AP028,"Apem, kue",100 g,148.0,2.0,0.5,33.9,,,100
AP029,Biscuits,100 g,458.0,6.9,14.4,75.1,2.1,241.0,100
AP030,"Bakpia, kue",100 g,272.0,8.7,6.7,44.1,0.9,,100
AP031,Bakwan,100 g,280.0,8.2,10.2,39.0,3.4,,100
AP032,Bantal,100 g,190.0,3.3,0.3,43.5,3.4,164.0,100
AP033,Baruasa,100 g,417.0,6.5,8.2,79.3,,,100
AP034,Batar daan,100 g,107.0,2.2,2.2,19.6,,200.0,100
AP035,Bika ambon,100 g,199.0,2.1,1.5,44.4,0.3,,100
AP036,Bingka,100 g,273.0,5.3,10.6,39.1,,,100
AP037,Bobengka,100 g,225.0,5.3,2.6,45.2,,,100
AP038,Bolu peca,100 g,197.0,3.3,4.6,35.6,,0.0,100
AP039,Brem,100 g,249.0,3.4,0.4,58.0,0.0,,100
AP040,Tinotuan porridge (Manado),100 g,156.0,2.3,0.2,15.6,8.2,486.0,100
AP041,Tapai cake,100 g,323.0,4.9,11.5,50.1,1.4,,100
AP042,Cangkuning,100 g,204.0,2.8,7.5,31.4,,,100
AP043,Dodol bali,100 g,298.0,3.7,2.1,65.9,0.4,,100
AP044,Dodol galamai,100 g,348.0,0.4,3.8,76.1,0.5,38.0,100
AP045,Dodol kedondong,100 g,331.0,1.9,7.6,63.8,1.0,,100
AP046,Dodol manado,100 g,373.0,4.3,16.5,51.9,0.4,35.0,100
AP047,Rice emping,100 g,403.0,10.6,2.2,85.3,0.2,1.0,100
AP048,Gemblong,100 g,274.0,1.7,5.4,55.5,2.2,,100
AP049,"Gendar, fried",100 g,407.0,6.4,28.2,32.0,0.1,,100
AP050,"Rice crust, fried",100 g,474.0,7.6,21.6,62.3,1.2,0.0,100
AP051,Corn gerontol,100 g,156.0,2.7,1.3,33.3,1.0,,100
AP052,Corn titi,100 g,374.0,9.4,2.2,79.1,0.8,,100
AP053,Japilus,100 g,500.0,1.2,25.1,67.3,0.4,,100
AP054,Kakicak,100 g,296.0,3.4,15.1,36.7,,,100
AP055,Kambose,100 g,164.0,3.0,2.4,32.6,4.3,0.0,100
AP056,Kapusa,100 g,158.0,4.4,3.2,27.8,5.3,104.0,100
AP057,Keddo bodong,100 g,290.0,4.6,5.7,55.2,,,100
AP058,"Kelepon, kue",100 g,215.0,3.7,3.7,41.8,1.0,,100
AP059,Kereput,100 g,580.0,4.8,39.6,51.1,,,100
AP060,Ketoprak,100 g,153.0,7.9,7.7,13.0,2.9,,100
AP061,Ketupat kandangan,100 g,109.0,2.2,5.2,13.4,,,100
AP062,Koya,100 g,366.0,4.2,4.3,77.5,0.8,,100
AP063,Koya mirasa,100 g,370.0,8.0,1.0,82.2,0.4,,100
AP064,Koyabu,100 g,241.0,3.4,4.3,47.2,,,100
AP065,Kue ali,100 g,440.0,3.8,18.5,64.5,0.3,,100
AP066,Kue bangen,100 g,442.0,3.3,14.7,74.2,,,100
AP067,Kue gelang,100 g,448.0,5.8,16.1,70.0,,,100
AP068,Ginger cookie,100 g,425.0,1.6,8.8,84.6,1.2,,100
AP069,Coconut cookie,100 g,591.0,5.6,42.1,47.5,,33.0,100
AP070,Kue koa,100 g,340.0,4.8,0.4,79.3,,,100
AP071,Kue ku temu,100 g,214.0,3.5,0.2,49.6,,,100
AP072,Kue lumpur,100 g,291.0,3.6,11.1,44.1,,,100
AP073,Kue pelita,100 g,141.0,5.3,5.5,17.6,,,100
AP074,Kue putu cangkir,100 g,304.0,5.3,7.0,54.9,0.9,,100
AP075,Eclairs,100 g,221.0,7.5,10.2,24.8,,,100
AP076,Kue thipan,100 g,247.0,2.9,4.2,49.5,,95.0,100
AP077,Laksa/Putu mayang,100 g,121.0,1.7,3.4,21.1,,,100
AP078,Lapis legit,100 g,389.0,6.6,15.7,55.5,0.5,,100
AP079,"Glutinous rice, lupis",100 g,164.0,1.8,2.1,34.5,0.7,,100
AP080,Manan samin,100 g,379.0,3.4,18.1,50.6,,,100
AP081,Indian martabak,100 g,153.0,4.5,4.2,24.3,,240.0,100
AP082,Egyptian martabak,100 g,278.0,5.1,8.6,45.0,,193.0,100
AP083,Masekat,100 g,369.0,2.1,7.0,74.1,4.0,141.0,100
AP084,"Mie aceh, boiled",100 g,113.0,3.0,3.2,18.1,,191.0,100
AP085,Mie ayam,100 g,102.0,6.2,3.9,10.5,,279.0,100
AP086,Mie bakso,100 g,114.0,5.3,3.0,16.4,0.1,760.0,100
AP087,Mie celon,100 g,102.0,3.0,2.1,17.8,,451.0,100
AP088,"Mie pangsit, wet",100 g,105.0,5.9,4.9,9.4,,530.0,100
AP089,Nasi gemuk,100 g,192.0,3.8,8.8,24.4,0.7,355.0,100
AP090,Nasi gurih,100 g,190.0,4.7,7.5,26.0,0.7,296.0,100
AP091,Nasi minyak,100 g,207.0,3.5,5.0,37.1,0.8,74.0,100
AP092,Nasi rames,100 g,155.0,10.3,4.2,19.1,,265.0,100
AP093,Nopia special,100 g,387.0,5.3,7.6,74.3,0.3,,100
AP094,Onde-onde,100 g,336.0,4.0,9.8,57.9,,,100
AP095,Padamaran,100 g,171.0,3.9,8.9,18.8,,,100
AP096,Pastel,100 g,307.0,4.5,13.3,42.4,,,100
AP097,Pulut,100 g,216.0,2.6,3.1,44.4,,100.0,100
AP098,Rice pundut,100 g,104.0,1.9,4.1,15.1,0.4,74.0,100
AP100,Putri selat,100 g,163.0,2.2,6.5,23.8,,6.0,100
AP101,Putu sopa,100 g,215.0,3.3,4.1,41.1,,,100
AP102,"Renggi, fried",100 g,471.0,4.7,21.8,64.1,6.4,126.0,100
AP103,Roti boong,100 g,341.0,5.5,16.2,43.3,,161.0,100
AP104,"Bun, dark brown skin",100 g,249.0,7.9,1.5,49.7,,500.0,100
AP105,Sarimuka,100 g,166.0,2.3,2.8,32.9,,3.0,100
AP106,Spaghetti,100 g,139.0,7.4,2.1,22.6,,,100
AP107,Glutinous rice srikaya,100 g,265.0,2.7,6.4,49.1,,,100
AP108,Sunduk lawang,100 g,181.0,1.9,1.3,32.4,,,100
AP109,Suwir-suwir,100 g,347.0,0.5,0.9,84.2,0.8,,100
AP110,Tipa-tipa,100 g,355.0,6.2,1.2,79.8,1.3,,100
AP111,"Wajit, kue",100 g,303.0,6.3,2.7,63.3,6.9,,100
AP112,Widaran,100 g,424.0,1.3,10.7,80.7,0.2,,100
AP113,Wingko babat,100 g,355.0,3.2,15.1,51.4,2.4,,100
AP114,Yangko,100 g,254.0,3.0,1.1,58.1,0.8,,100
AP99,Putri hijau,100 g,,,,,,,100
AR001,"Rice, milled, raw",100 g,357.0,8.4,1.7,77.1,0.2,27.0,100
AR002,"Rice, milled, variant pelita, raw",100 g,369.0,9.5,1.4,77.1,0.4,34.0,100
AR003,"Rice, milled, variant rojolele, raw",100 g,357.0,8.4,1.7,77.1,0.2,34.0,100
AR004,"Rice, black, raw",100 g,351.0,8.0,1.3,76.9,20.1,15.0,100
AR005,"Corn rice, yellow, dried, raw",100 g,358.0,5.5,0.1,82.7,10.0,1.0,100
AR006,"Corn rice, white, dried, raw",100 g,307.0,4.8,0.1,71.8,10.0,1.0,100
AR007,"Glutinous rice, black, mashed, raw",100 g,360.0,8.0,2.3,74.5,1.0,11.0,100
AR008,"Glutinous rice, white, mashed, raw",100 g,361.0,7.4,0.8,78.4,0.4,3.0,100
AR009,"Field rice, raw",100 g,376.0,7.5,3.8,78.0,5.9,10.0,100
AR010,"Small broken rice, raw",100 g,362.0,7.7,4.4,73.0,0.2,90.0,100
AR011,"Rice, parboiled",100 g,353.0,6.8,0.6,80.0,0.5,2.0,100
AR012,"Rice, mashed, raw",100 g,354.0,7.8,0.4,79.9,3.8,5.0,100
AR013,"Rice, red, mashed, raw",100 g,352.0,7.3,0.9,76.2,0.8,10.0,100
AR014,"Sorghum, raw",100 g,366.0,11.0,3.3,73.0,1.2,7.0,100
AR015,"Baby corn, yellow, raw",100 g,147.0,5.1,0.7,31.5,1.3,5.0,100
AR016,"Corn, yellow, shelled, dried, raw",100 g,366.0,9.8,7.3,69.1,2.2,5.0,100
AR017,"Corn, shelled, variant harapan, dried",100 g,367.0,6.2,5.1,76.2,2.6,1.0,100
AR018,"Corn, shelled, variant metro, dried",100 g,368.0,5.5,4.6,78.0,2.9,1.0,100
AR019,"Barley, raw",100 g,324.0,11.0,4.0,61.0,3.1,24.0,100
AR020,"Millet, raw",100 g,364.0,9.7,3.5,73.4,8.2,7.0,100
AR021,"Jampang huma, raw",100 g,350.0,6.2,1.4,78.2,1.7,53.0,100
BP001,"Batatas, coconut, tubers, grilled",100 g,110.0,1.4,1.1,23.4,4.5,12.0,100
BP002,"Batatas, coconut, tubers, steamed",100 g,92.0,1.2,0.3,21.0,4.1,10.0,100
BP003,"Batatas tali, tubers, boiled",100 g,182.0,2.4,0.4,42.2,9.2,20.0,100
BP004,"Belitung, taro, steamed",100 g,145.0,1.2,0.4,34.2,1.0,7.0,100
BP005,"Bentul, taro, steamed",100 g,71.0,2.3,0.3,15.4,0.5,,100
BP006,"Gadung, yam, steamed",100 g,88.0,0.6,0.3,20.9,0.9,6.0,100
BP007,"Ganyong, boiled",100 g,100.0,0.8,0.2,23.8,0.9,,100
BP008,"Cassava, steamed",100 g,153.0,1.2,0.3,36.4,1.3,2.0,100
BP009,"Elephant foot, yam, steamed",100 g,93.0,1.5,0.1,21.9,0.9,6.0,100
BP010,"Taro, steamed",100 g,120.0,1.5,0.3,28.2,0.7,11.0,100
BP011,"Sweet potato, yellow, steamed",100 g,100.0,0.7,0.3,23.8,1.0,3.0,100
BP012,"Chinese yam, steamed",100 g,165.0,0.9,0.2,39.8,1.1,1.0,100
BP013,"Bagea, coconut, savory",100 g,450.0,3.2,13.9,78.1,,74.0,100
BP014,"Bagea, coconut, sweet",100 g,452.0,1.3,13.8,80.6,,75.0,100
BP015,"Bagea, pili nut, savory",100 g,529.0,3.2,29.1,63.6,,74.0,100
BP016,"Bagea, pili nut, sweet",100 g,523.0,3.2,28.2,64.2,,74.0,100
BP017,"Bagea, quality 1",100 g,416.0,6.5,9.4,76.3,0.4,,100
BP018,"Bagea, quality 2",100 g,382.0,0.3,3.5,87.2,0.9,,100
BP019,"Rice, ""Cerdas""",100 g,350.0,2.7,1.1,82.3,6.2,358.0,100
BP020,"Rice, ganyong",100 g,364.0,3.4,0.7,86.3,4.7,4.0,100
BP021,"Rice, siger",100 g,344.0,1.1,0.2,28.3,5.6,106.0,100
BP022,"Jackfruit/snakefruit, seeds",100 g,262.0,2.3,5.4,51.1,8.0,10.0,100
BP023,Sago porridge,100 g,167.0,0.2,4.0,33.0,,7.0,100
BP024,Cassavastick,100 g,460.0,0.8,18.7,17.2,1.6,,100
BP025,"Cassava, ceriping getuk",100 g,462.0,1.2,20.7,67.7,0.6,,100
BP026,Gatot,100 g,347.0,1.3,0.7,83.8,5.8,28.0,100
BP027,Geblek,100 g,195.0,0.4,1.7,44.4,3.6,353.0,100
BP028,"Getuk, fried",100 g,360.0,1.3,6.4,74.3,0.8,,100
BP029,"Cassava, getuk",100 g,204.0,0.5,1.4,47.4,0.8,,100
BP030,Gurandil,100 g,218.0,0.5,2.5,48.5,3.1,,100
BP031,Kabuto,100 g,250.0,2.6,2.5,35.4,1.8,2.0,100
BP032,Kapurung,100 g,41.0,2.0,0.3,7.8,2.0,185.0,100
BP033,"Cassava, kecimpring, fried",100 g,464.0,1.2,18.6,73.0,1.3,,100
BP034,Keremes,100 g,475.0,1.6,25.2,64.4,2.1,,100
BP035,"Gadung, chips",100 g,446.0,2.8,14.5,76.0,1.7,,100
BP036,"Potato, chips",100 g,448.0,2.7,18.8,67.1,3.8,712.0,100
BP037,"Cassava, chips",100 g,478.0,0.9,20.7,72.0,2.0,,100
BP038,"Cassava, chips, seasoned",100 g,481.0,2.2,19.7,73.6,1.6,,100
BP039,"Sweet potato, chips",100 g,486.0,0.2,23.9,67.6,14.3,52.0,100
BP040,"Squid, chips, fried",100 g,444.0,6.9,14.6,71.3,5.0,837.0,100
BP041,"Kemplang (fish), chips, raw",100 g,325.0,1.8,0.4,78.5,4.5,1.1,100
BP042,"Kemplang, chips, fried",100 g,504.0,5.6,28.1,57.1,0.3,,100
BP043,"Kemplang, chips, roasted",100 g,356.0,9.7,1.1,76.9,1.0,,100
BP044,"Yellow, noodle, chips, fried",100 g,476.0,0.1,21.1,71.3,4.2,,100
BP045,"Shrimp, chips, fried",100 g,477.0,4.7,20.5,68.5,5.0,449.0,100
BP046,"Bangket, kue",100 g,338.0,1.5,1.2,80.3,,67.0,100
BP047,"Putu singkong, kue",100 g,217.0,1.2,0.5,53.2,2.4,3.0,100
BP048,Lanting getuk,100 g,422.0,0.9,10.8,80.4,1.4,,100
BP049,"Noodle, golosor",100 g,71.0,0.2,0.8,15.9,0.1,,100
BP050,"Noodle, bendo",100 g,353.0,0.3,0.0,88.0,2.4,9.0,100
BP051,"Noodle, sago",100 g,190.0,0.2,0.4,46.5,1.4,10.0,100
BP052,"Sago, ongol-ongol",100 g,111.0,0.3,2.7,21.2,0.3,,100
BP053,Oyek,100 g,351.0,0.9,0.9,84.9,4.3,5.0,100
BP054,Papeda,100 g,61.0,0.2,0.1,14.9,0.5,4.0,100
BP055,Rasbi (Sweet potato rice),100 g,394.0,2.2,8.8,76.6,6.8,165.0,100
BP056,Rasi (Cassava rice),100 g,350.0,0.9,0.4,85.7,14.4,8.0,100
BP057,Forno sago,100 g,291.0,0.5,4.0,63.4,,40.0,100
BP058,Sagu lemak (Kue Sagon),100 g,452.0,2.8,14.8,76.8,1.1,182.0,100
BP059,Sweet sago,100 g,287.0,0.5,3.9,62.4,,34.0,100
BP060,Sagu rendang,100 g,364.0,0.1,0.2,90.5,1.9,42.0,100
BP061,Sinole sago,100 g,354.0,0.8,8.3,68.9,,30.0,100
BP062,"Taro, serimping, from Kebumen",100 g,478.0,2.5,21.2,69.2,1.7,,100
BP063,"Cassava, tapai",100 g,169.0,1.4,0.3,40.2,2.0,,100
BP064,"Arrowroot, flour",100 g,355.0,0.7,0.2,85.2,0.4,2.0,100
BP065,"Ganyong, flour",100 g,353.0,0.8,1.7,83.6,0.7,3.0,100
BP066,"Cassava, sliced, dried, flour",100 g,345.0,2.4,0.4,83.1,6.7,6.0,100
BP067,"Potato, flour, dried",100 g,347.0,0.3,0.1,85.6,0.4,51.0,100
BP068,Mocaf (Modified cassava flour),100 g,350.0,1.2,0.6,85.0,6.0,8.0,100
BP069,"Giant taro, flour",100 g,326.0,4.0,0.4,76.7,8.5,14.0,100
BP070,"Tapioca, flour",100 g,363.0,1.1,0.5,88.2,0.9,1.0,100
BP071,"Taro Beneng, flour",100 g,332.0,5.7,0.6,76.1,12.2,7.0,100
BP072,"Sweet potato, purple, flour",100 g,354.0,2.8,0.6,84.4,12.9,42.0,100
BP073,Tiwul,100 g,353.0,2.4,1.1,83.4,6.5,5.0,100
BP074,"Tiwul, instant",100 g,395.0,3.2,8.5,76.5,4.2,377.0,100
BP075,"Sweet potato, Cilembu",100 g,186.0,1.9,0.2,44.3,3.4,1.0,100
BP076,Uli batatas,100 g,150.0,1.1,4.0,27.4,,6.0,100
BR001,"Arrowroot, fresh",100 g,102.0,1.0,0.2,24.1,1.7,36.0,100
BR002,"Batatas, lesser yam, fresh",100 g,76.0,1.1,0.9,16.0,4.2,10.0,100
BR003,"Batatas, coconut, tubers, fresh",100 g,89.0,1.1,0.1,21.0,4.0,20.0,100
BR004,"Belitung, taro, fresh",100 g,145.0,1.2,0.4,34.2,1.5,6.0,100
BR005,"Jicama, fresh",100 g,59.0,1.4,0.2,12.8,1.0,2.0,100
BR006,"Bentul (Komba), taro, fresh",100 g,98.0,1.6,0.7,20.9,0.7,,100
BR007,"Gadeng/Gadung, dried",100 g,322.0,2.4,0.6,76.6,,5.0,100
BR008,"Gadung, yam, fresh",100 g,100.0,0.9,0.3,23.5,2.1,8.0,100
BR009,"Ganyong, fresh",100 g,77.0,0.6,0.2,18.4,0.8,,100
BR010,"Lesser yam, tuber, fresh",100 g,131.0,1.1,0.2,31.3,1.1,10.0,100
BR011,"Hofa/wild tuber, fresh",100 g,127.0,1.2,0.5,29.5,3.4,3.0,100
BR012,"Kaburan, tuber, fresh",100 g,133.0,1.0,0.2,32.2,0.7,10.0,100
BR013,"Potato, fresh",100 g,62.0,2.1,0.2,13.5,0.5,7.0,100
BR014,"Potato, shetland black, fresh",100 g,142.0,0.9,0.4,33.7,5.4,22.0,100
BR015,"Keribang, tuber, fresh",100 g,137.0,1.3,1.1,29.8,0.6,10.0,100
BR016,"Cassava, fresh",100 g,154.0,1.0,0.3,36.8,0.9,2.0,100
BR017,Lepok/Nut-grass tuber,100 g,181.0,2.8,1.2,39.8,10.7,116.0,100
BR018,"Sago, aren, dried",100 g,355.0,0.6,1.1,85.6,0.3,2.0,100
BR019,"Sago, aren, fresh",100 g,231.0,0.6,0.2,56.6,3.2,7.0,100
BR020,"Sago, kasbi, fresh",100 g,230.0,0.6,0.2,56.5,3.0,100.0,100
BR021,"Sago, lempeng",100 g,347.0,0.9,0.3,85.2,4.7,11.0,100
BR022,"Sago, cassava, dried",100 g,362.0,0.5,0.3,86.9,,,100
BR023,"Giant taro, taro, fresh",100 g,353.0,0.7,0.2,84.7,6.6,30.0,100
BR024,"Elephant foot, yam, fresh",100 g,74.0,1.4,0.1,17.2,1.4,7.0,100
BR025,"Taro, fresh",100 g,108.0,1.4,0.4,25.0,0.9,10.0,100
BR026,"Taro, Pontianak, fresh",100 g,163.0,2.3,0.5,36.4,0.7,14.0,100
BR027,"Taro, viqueque, fresh",100 g,115.0,1.8,0.5,25.9,8.6,1.0,100
BR028,"Sweet potato, yellow, fresh",100 g,119.0,0.5,0.4,25.1,4.2,3.0,100
BR029,"Sweet potato, fresh",100 g,83.0,1.5,0.2,18.8,0.6,52.0,100
BR030,"Sweet potato, red, fresh",100 g,151.0,1.6,0.3,35.4,0.7,92.0,100
BR031,"Sweet potato, white, fresh",100 g,88.0,0.4,0.4,20.6,4.0,2.0,100
BR032,Chinese yam,100 g,108.0,0.5,0.4,25.6,4.2,1.0,100
BR033,"Purple yam, fresh",100 g,120.0,2.8,0.5,82.3,2.6,12.0,100
CP001,"Winged bean, boiled",100 g,204.0,16.9,8.8,17.5,4.8,43.0,100
CP002,"Bambara groundnut, fried",100 g,479.0,12.7,23.2,58.9,1.2,,100
CP003,"Bambara groundnut, boiled",100 g,161.0,7.7,2.8,27.1,2.0,,100
CP004,"Pigeon pea, boiled",100 g,147.0,9.0,0.5,27.5,3.4,14.0,100
CP005,"Mungbean, boiled",100 g,109.0,8.7,0.5,18.3,1.5,447.0,100
CP006,"Soybean, fried",100 g,521.0,32.2,37.7,22.9,7.6,3.4,100
CP007,"Soybean, boiled",100 g,189.0,20.2,8.2,12.7,1.6,181.0,100
CP008,"Kidney bean, dried, boiled",100 g,158.0,10.3,0.9,28.2,2.6,6.0,100
CP009,"Kidney bean, fresh, boiled",100 g,144.0,10.0,1.0,24.7,3.5,6.0,100
CP010,"Cashew nut, fried",100 g,629.0,20.4,56.3,19.8,1.1,13.0,100
CP011,"Peanut, boiled, with shells",100 g,360.0,13.5,31.2,12.8,,32.0,100
CP012,"Peanut, fried",100 g,564.0,25.5,44.4,25.5,2.8,,100
CP013,"Peanut, boiled",100 g,220.0,10.6,18.0,8.0,1.0,36.0,100
CP014,"Black-eyed pea, boiled",100 g,138.0,10.7,1.1,22.6,0.9,13.0,100
CP015,"Mungbean, dregs",100 g,96.0,3.7,0.6,19.1,2.7,,100
CP016,"Tofu, dregs, raw",100 g,67.0,5.0,2.1,8.1,4.1,8.0,100
CP017,"Tofu, dregs, steamed",100 g,75.0,4.1,2.1,10.7,5.1,,100
CP018,"Tofu, dregs, dried",100 g,414.0,26.6,18.3,41.3,0.0,45.0,100
CP019,"Tofu, dregs, oncom pepes",100 g,76.0,5.2,1.8,10.6,2.2,,100
CP020,"Rubber seeds, bungkil",100 g,333.0,29.3,3.3,50.0,,,100
CP021,"Peanut, bungkil",100 g,336.0,37.4,13.0,30.5,,,100
CP022,"Coconut, bungkil",100 g,368.0,23.0,15.0,40.0,,,100
CP023,Dodol (taffy) banjarmasin,100 g,368.0,2.6,8.6,70.0,0.5,48.0,100
CP024,Emping (melinjo chips),100 g,345.0,12.0,1.5,71.5,,,100
CP025,"Hyacinth bean, emping",100 g,355.0,17.8,4.6,60.7,,24.0,100
CP026,"Enting-enting gepuk, brand hello kity",100 g,538.0,13.6,30.3,52.6,0.2,,100
CP027,"Enting-enting gepuk, peanut",100 g,524.0,13.3,29.2,52.0,0.2,,100
CP028,"Enting-enting, sesame",100 g,565.0,18.2,38.4,36.8,1.9,,100
CP029,Geplak,100 g,350.0,1.4,14.4,53.6,1.8,,100
CP030,Geplak jahe (Ginger taffy),100 g,462.0,3.1,24.4,57.7,3.3,,100
CP031,Kacang atom,100 g,533.0,27.8,38.1,28.8,2.5,,100
CP032,Kacang goyang,100 g,516.0,14.7,31.1,44.4,,2.0,100
CP033,Kacang negara,100 g,480.0,18.4,19.1,58.5,11.7,1.0,100
CP034,Kacang sukro,100 g,484.0,8.8,26.1,57.7,1.8,,100
CP035,Kacang tanah sari,100 g,561.0,25.5,43.8,26.0,2.2,,100
CP036,Peanut butter,100 g,590.0,27.0,49.0,20.9,1.6,355.0,100
CP037,Beancurd,100 g,380.0,48.9,13.8,23.3,0.0,55.0,100
CP038,"Beancurd, steamed",100 g,90.0,10.7,4.0,4.7,,,100
CP039,"Oncom, chips",100 g,598.0,8.3,43.8,42.6,3.3,,100
CP040,"Tempeh, chips",100 g,581.0,12.1,40.6,41.7,2.2,,100
CP041,"Tempeh, chips, brand abadi, large size",100 g,556.0,15.8,37.1,39.8,3.5,,100
CP042,"Tempeh, chips, brand abadi, original",100 g,542.0,40.3,42.4,11.6,2.2,,100
CP043,"Tempeh, chips, brand abadi, medium size",100 g,510.0,12.3,27.9,52.4,3.6,,100
CP044,"Tempeh, chips, brand abadi, with egg",100 g,529.0,20.8,31.7,40.2,3.0,,100
CP045,"Tempeh, chips, brand abadi, prime quality",100 g,540.0,16.7,33.9,42.0,2.2,,100
CP046,Kwaci (dried sunflower seeds),100 g,515.0,30.6,42.1,13.8,13.6,124.0,100
CP047,"Melinjo, emping, thick, fried, sweet",100 g,439.0,10.0,16.4,65.7,,,100
CP048,"Melinjo, emping, thick, fried, savory",100 g,431.0,11.1,16.2,63.0,,,100
CP049,"Melinjo, emping, thin, fried",100 g,485.0,11.5,24.5,59.1,,,100
CP050,Moon tofu,100 g,128.0,8.0,10.0,1.3,0.2,393.0,100
CP051,Oncom,100 g,187.0,13.0,6.0,22.6,,,100
CP052,"Oncom, mungbean, dregs",100 g,376.0,14.9,6.0,65.7,12.3,,100
CP053,"Oncom, mungbean + cassava",100 g,351.0,11.0,5.3,65.9,9.0,,100
CP054,"Oncom, peanut, pepes",100 g,132.0,12.7,3.8,13.7,3.1,,100
CP055,"Rempeyek, with peanut",100 g,513.0,17.5,32.5,44.3,1.7,,100
CP056,"Rempeyek, with black-eyed pea",100 g,451.0,11.2,20.2,59.7,1.8,,100
CP057,"Rempeyek, with ricebean",100 g,497.0,17.0,27.6,50.8,2.4,,100
CP058,Sayur lebui,100 g,64.0,2.1,0.6,12.5,5.7,124.0,100
CP059,"Soybean milk, powder",100 g,344.0,30.0,20.0,43.0,6.2,56.0,100
CP060,Soybean milk,100 g,41.0,3.5,2.5,5.0,0.2,128.0,100
CP061,"Tofu, uncooked",100 g,80.0,10.9,4.7,0.8,0.1,2.0,100
CP062,"Tofu, fried",100 g,115.0,9.7,8.5,2.5,0.1,7.0,100
CP063,Egg tofu,100 g,328.0,12.6,19.9,24.6,0.4,755.0,100
CP064,Takwa,100 g,148.0,13.8,8.5,4.0,0.0,3.0,100
CP065,Tauco,100 g,184.0,11.4,5.5,22.2,1.9,1.7,100
CP066,"Tauco, brand beruang, cake",100 g,347.0,7.4,5.2,67.6,3.2,,100
CP067,"Tauco, brand DAS, cake",100 g,358.0,7.5,4.3,70.4,3.1,,100
CP068,"Tauco, brand meong",100 g,159.0,7.4,4.9,21.3,1.6,1.5,100
CP069,"Tauji, brand singa",100 g,277.0,9.1,4.7,49.6,1.2,,100
CP070,Tempeh bongkrek,100 g,119.0,4.4,3.5,18.3,,,100
CP071,Tempeh gembus P3G,100 g,73.0,5.7,1.3,10.3,4.2,,100
CP072,Tempeh gembus yogya,100 g,76.0,6.8,0.7,10.6,5.3,,100
CP073,"Tempeh, velvet bean",100 g,139.0,12.5,0.8,21.9,1.8,,100
CP074,"Tempeh, winged bean",100 g,212.0,17.5,10.0,12.9,2.9,,100
CP075,"Tempeh, soybean + corn",100 g,143.0,12.0,5.5,11.4,1.9,,100
CP076,"Tempeh, pure soybean, fried",100 g,350.0,24.5,26.6,10.4,4.2,22.0,100
CP077,"Tempeh, pure soybean, uncooked",100 g,201.0,20.8,8.8,13.5,1.4,9.0,100
CP078,"Tempeh, hyacinth bean, benguk",100 g,141.0,10.2,1.3,23.2,,,100
CP079,"Tempeh, river tamarind",100 g,128.0,10.7,0.5,21.3,7.1,,100
CP080,"Tempeh, river tamarind, variant gung with skin",100 g,146.0,11.7,2.3,19.6,7.6,,100
CP081,"Tempeh, river tamarind, variant gung without skin",100 g,131.0,18.0,0.8,13.0,1.3,,100
CP082,"Tempeh, sold in market",100 g,150.0,14.0,7.7,9.1,1.4,7.0,100
CP083,"Tempeh, sold in market, fried",100 g,336.0,20.0,28.0,7.8,3.4,20.0,100
CP084,"Hunkwe, flour (Mungbean starch)",100 g,364.0,4.5,1.0,83.5,16.1,15.0,100
CP085,"Jalejo, flour",100 g,388.0,19.0,7.5,61.2,5.8,3.0,100
CP086,"Soybean, flour",100 g,347.0,35.9,20.6,29.9,5.8,52.0,100
CR001,"Chickpea, dried",100 g,330.0,23.8,1.4,60.2,17.4,24.0,100
CR002,"Velvet bean, dried",100 g,341.0,30.4,3.2,51.3,4.5,13.0,100
CR003,"Winged bean, dried",100 g,400.0,34.4,16.9,34.1,10.7,37.0,100
CR004,"Castor bean, fresh",100 g,118.0,4.4,1.5,21.6,,10.0,100
CR005,"Bambara groundnut, dried",100 g,370.0,16.0,6.0,65.0,26.3,44.0,100
CR006,"Bambara groundnut, fresh",100 g,165.0,7.7,3.1,27.4,2.5,6.0,100
CR007,"Ricebean, seeds, dried",100 g,331.0,25.0,1.0,58.0,23.6,12.0,100
CR008,"Green pea, fresh",100 g,129.0,12.4,0.7,18.3,28.6,4.0,100
CR009,"Galing nut, fresh",100 g,336.0,23.1,1.7,59.5,,,100
CR010,"Pigeon pea, seeds, dried",100 g,316.0,20.7,1.0,58.0,4.6,16.0,100
CR011,"Pigeon pea, seeds, fresh",100 g,114.0,7.0,0.6,20.8,4.4,4.0,100
CR012,"Mungbean, variant bakti, dried",100 g,350.0,17.1,1.8,70.7,5.7,46.0,100
CR013,"Mungbean, variant siwalik, dried",100 g,339.0,20.8,2.1,64.6,7.4,45.0,100
CR014,"Mungbean, dried",100 g,323.0,22.9,1.5,56.8,7.5,42.0,100
CR015,"Black soybean, dried",100 g,346.0,16.6,1.7,66.1,22.8,3.0,100
CR016,"Edible-podded pea, fresh",100 g,98.0,6.7,0.4,17.7,6.2,6.0,100
CR017,"Soybean, dried",100 g,381.0,40.4,16.7,24.9,3.2,210.0,100
CR018,"Soybean, fresh",100 g,286.0,30.2,15.6,30.1,2.9,28.0,100
CR019,"Kincai nut, dried",100 g,444.0,19.9,16.0,55.0,,,100
CR020,"Hyacinth bean, fresh",100 g,327.0,16.4,4.3,55.8,0.5,22.0,100
CR021,"Lentils, yellow, dried",100 g,355.0,17.0,2.5,66.0,15.1,1.0,100
CR022,"Pigeon pea, dried",100 g,346.0,16.5,1.5,66.6,37.3,17.0,100
CR023,"Butter nut, dried",100 g,344.0,16.7,2.1,64.6,13.0,1.0,100
CR024,"Kidney bean (Banda), dried",100 g,350.0,13.9,3.0,66.9,26.3,19.0,100
CR025,"Kidney bean, dark red, dried",100 g,280.0,16.7,1.6,63.2,4.6,19.0,100
CR026,"Kidney bean, dried",100 g,314.0,22.1,1.1,56.2,4.0,11.0,100
CR027,"Kidney bean, fresh",100 g,171.0,11.0,2.2,28.0,2.1,7.0,100
CR028,"Cashew nut, fresh",100 g,616.0,16.3,48.4,28.7,0.9,26.0,100
CR029,"Yardlong bean, seeds, dried",100 g,357.0,17.3,1.5,68.6,10.6,16.0,100
CR030,"Peanut, seeds",100 g,560.0,29.5,43.0,24.1,2.9,34.0,100
CR031,"Peanut, seeds, without husk",100 g,559.0,26.9,44.2,23.6,2.6,33.0,100
CR032,"Peanut, dried",100 g,525.0,27.9,42.7,17.4,2.4,31.0,100
CR033,"Black-eyed pea, dried",100 g,331.0,24.4,1.9,56.6,1.6,15.0,100
CR034,"Pigeon pea, dried",100 g,351.0,12.2,1.2,72.9,29.5,1.0,100
CR035,"Ricebean, dried",100 g,358.0,23.4,2.4,60.6,7.4,13.0,100
CR036,"Urei nut, dried",100 g,354.0,12.8,1.8,69.3,26.1,1.0,100
CR037,"Pili nut (Banda), dried",100 g,616.0,13.9,56.2,13.7,,11.0,100
CR038,"Pili nut, dried",100 g,657.0,15.0,66.0,13.0,,3.0,100
CR039,"Hyacinth bean, pod, fresh",100 g,99.0,3.3,0.1,21.2,10.3,15.0,100
CR040,"Hyacinth bean, andong, dried",100 g,356.0,20.5,4.1,61.6,7.0,18.0,100
CR041,"Hyacinth bean, benguk, seeds, dried",100 g,332.0,24.0,3.0,55.0,5.6,42.0,100
CR042,"Hyacinth bean, kerupuk, seeds, fresh",100 g,125.0,8.3,0.7,22.1,2.2,16.0,100
CR043,"Hyacinth bean, loke, seeds, fresh",100 g,33.0,2.7,0.2,7.9,3.5,2.0,100
CR044,"Hyacinth bean, roay, dried",100 g,344.0,12.5,2.1,69.4,7.5,18.0,100
CR045,"Hyacinth bean, wedus, seeds, dried",100 g,338.0,22.2,1.5,61.0,5.8,43.0,100
CR046,"River tamarind, seeds, young, fresh",100 g,85.0,5.7,0.3,15.4,10.8,35.0,100
CR047,"River tamarind, seeds, old, fresh",100 g,148.0,10.6,0.5,26.2,17.0,28.0,100
CR048,"River tamarind, variant gung, without skin",100 g,367.0,46.4,5.4,32.5,2.6,65.0,100
CR049,"River tamarind, variant local, with skin",100 g,336.0,23.8,1.2,59.7,15.4,134.0,100
CR050,"Jackfruit, seeds, fresh",100 g,165.0,4.2,0.1,36.7,1.8,69.0,100
CR051,"Red saga, peeled, raw",100 g,449.0,30.6,25.5,31.9,3.5,66.0,100
CR052,"Sesame, raw",100 g,568.0,19.3,51.1,18.1,3.6,18.0,100
DP001,"Spinach, steamed",100 g,30.0,1.3,0.7,5.8,1.2,15.0,100
DP002,"Spinach, boiled",100 g,23.0,1.2,0.6,3.7,1.1,16.0,100
DP003,"Bean, boiled",100 g,30.0,2.2,0.2,6.4,1.5,7.0,100
DP004,"long beans leaves, boiled",100 g,40.0,3.7,0.3,8.0,1.8,6.0,100
DP005,"Sweet leaves, boiled",100 g,53.0,5.3,0.9,9.1,1.2,16.0,100
DP006,"Moringa leaves, boiled",100 g,61.0,6.1,0.9,10.0,0.9,45.0,100
DP007,"Indian mulberry, steamed",100 g,63.0,3.8,1.5,11.5,2.4,,100
DP008,"Cassava leaves, boiled",100 g,31.0,3.7,0.6,4.8,1.6,13.0,100
DP009,"Taro leaves, boiled",100 g,27.0,1.3,0.2,5.9,1.6,3.0,100
DP010,"Red sweet potato, steamed",100 g,56.0,3.1,0.3,13.0,1.5,28.0,100
DP011,"Yardlong beans, steamed",100 g,39.0,3.0,0.6,7.6,1.7,28.0,100
DP012,"Yardlong beans, boiled",100 g,30.0,2.3,0.4,5.8,1.4,24.0,100
DP013,"Water spinach, steamed",100 g,30.0,3.2,0.7,4.7,1.8,45.0,100
DP014,"Water spinach, boiled",100 g,22.0,2.5,0.6,3.1,1.2,31.0,100
DP015,"White bitter melon, steamed",100 g,16.0,0.8,0.2,3.4,1.2,4.0,100
DP016,"Lettuce, boiled",100 g,19.0,2.7,0.2,2.9,0.7,24.0,100
DP017,"Sprouts, fried",100 g,88.0,3.2,2.1,14.0,0.7,,100
DP018,"Sprouts, brewed",100 g,28.0,3.0,0.8,4.0,1.0,18.0,100
DP019,"Long eggpalnt, steamed",100 g,23.0,1.8,0.1,4.9,0.4,9.0,100
DP020,"Carrot, boiled",100 g,28.0,0.7,0.5,6.3,0.8,41.0,100
DP021,"Carrot, steamed",100 g,37.0,1.0,0.6,8.3,1.1,43.0,100
DP022,"Bogor pickled, vegetables",100 g,98.0,3.9,2.6,14.8,0.5,483.0,100
DP023,"Anyang, vegetables",100 g,126.0,3.4,7.9,10.3,5.4,290.0,100
DP024,"Ares, vegetables",100 g,113.0,0.9,7.2,11.2,4.7,1.4,100
DP025,Arwan sisir,100 g,277.0,2.4,25.0,10.7,4.6,240.0,100
DP026,Beberuk,100 g,65.0,1.1,5.2,3.5,3.1,53.0,100
DP027,Lamtoro wrapped in banana leaves,100 g,186.0,11.7,9.7,13.0,2.1,,100
DP028,Taro wrapped in banana leaves,100 g,141.0,4.4,10.2,8.0,1.8,,100
DP029,Cammetutu,100 g,102.0,3.2,6.0,8.7,4.3,443.0,100
DP030,"Cap cai, vegetables",100 g,97.0,5.8,6.3,4.2,0.6,405.0,100
DP031,Gado-gado,100 g,137.0,6.1,3.2,21.0,1.1,,100
DP032,"Gudeg, vegetables",100 g,160.0,3.3,9.2,16.0,2.3,,100
DP033,Fern curry,100 g,143.0,4.0,11.4,6.0,1.4,,100
DP034,Pliek curry,100 g,176.0,7.3,14.9,3.2,,257.0,100
DP035,Kadada katembe,100 g,110.0,4.5,6.9,7.1,3.9,178.0,100
DP036,"Kaparende, vegetables",100 g,38.0,2.4,2.0,2.6,1.5,170.0,100
DP037,"Karedok, vegetables",100 g,92.0,2.2,3.3,14.1,1.4,,100
DP038,Spinach chips,100 g,586.0,4.9,40.6,50.2,0.5,,100
DP039,Kotiu hinela tawang nggole,100 g,46.0,2.2,1.5,6.0,3.8,316.0,100
DP040,Lema/ Bamboo shoots sour,100 g,15.0,1.0,0.4,1.9,,3.0,100
DP041,Lilin bungkus gedi,100 g,79.0,2.3,5.2,5.8,2.5,170.0,100
DP042,Olah-olah,100 g,9.0,2.1,6.0,7.1,4.4,289.0,100
DP043,Paku hinela wulelenggapaya,100 g,77.0,3.5,4.6,5.4,3.6,469.0,100
DP044,Water spinach pelecing,100 g,75.0,2.5,2.8,10.0,5.4,408.0,100
DP045,Purundawa,100 g,25.0,1.5,0.5,3.6,1.7,239.0,100
DP046,Rujak cingur,100 g,153.0,11.3,8.4,8.0,1.4,,100
DP047,Sour soup,100 g,29.0,0.7,0.6,5.0,0.6,,100
DP048,Papaya flower soup,100 g,49.0,1.7,0.3,9.8,2.7,90.0,100
DP049,Garu soup,100 g,178.0,2.6,13.9,10.6,8.4,20.0,100
DP050,Kohu-kohu soup,100 g,133.0,7.3,6.6,11.2,1.2,20.0,100
DP051,Terubuk candle soup,100 g,36.0,2.7,0.7,4.8,1.4,30.0,100
DP052,Ndusuk soup,100 g,49.0,3.1,2.5,3.6,,1.0,100
DP053,Soup,100 g,27.0,1.3,2.0,1.0,0.3,,100
DP054,Coconut umbut soup,100 g,67.0,5.2,2.9,5.1,1.4,313.0,100
DP055,Rattan umbut soup,100 g,57.0,5.4,2.6,3.1,1.6,256.0,100
DP056,Shabu-shabu,100 g,88.0,3.2,8.0,0.8,0.9,514.0,100
DP057,Jengkol stew,100 g,212.0,6.0,10.0,29.1,,,100
DP058,Tinira ninahu nggaluku,100 g,33.0,1.2,1.3,4.1,3.1,161.0,100
DP059,Sauted spinach with coconut milk,100 g,48.0,1.4,4.2,2.6,0.5,,100
DP060,Balamak pumpkin,100 g,45.0,0.8,0.9,8.1,7.9,61.0,100
DP061,Woku sweet potato,100 g,143.0,3.1,7.8,15.0,7.0,353.0,100
DR001,"Lotus root, fresh",100 g,45.0,1.1,0.4,10.8,1.2,96.0,100
DR002,"Bean sprouts, fresh",100 g,37.0,4.4,0.5,3.8,1.7,2.0,100
DR003,"Andaliman, fresh",100 g,99.0,4.6,1.0,18.0,8.5,,100
DR004,"Endive, fresh",100 g,226.0,1.6,0.2,5.3,4.1,29.0,100
DR005,"Welsh onion, fresh",100 g,27.0,2.0,0.2,4.2,3.8,37.0,100
DR006,"Ash gourd, fresh",100 g,15.0,0.4,0.2,3.0,0.4,2.0,100
DR007,"Onion, fresh",100 g,43.0,1.4,0.2,10.3,2.0,12.0,100
DR008,"Spinach, fresh",100 g,16.0,0.9,0.4,2.9,0.7,16.0,100
DR009,"Red spinach, fresh",100 g,41.0,2.2,0.8,6.3,2.2,20.0,100
DR010,"Beets, fresh",100 g,41.0,1.6,0.1,9.6,2.6,29.0,100
DR011,Moringa fruit,100 g,38.0,1.5,0.2,7.5,3.2,48.0,100
DR012,Red fruit,100 g,87.0,2.6,2.7,13.1,4.0,110.0,100
DR013,"Bean, fresh",100 g,34.0,2.4,0.3,7.2,1.9,8.0,100
DR014,"Papaya flower, fresh",100 g,45.0,2.6,0.3,8.1,1.6,2.0,100
DR015,"Vegetable-hummingbird flower, fresh",100 g,42.0,2.0,1.1,6.1,3.3,29.0,100
DR016,"Choy sum, fresh",100 g,20.0,1.7,0.4,3.4,1.2,18.0,100
DR017,"Mexican mint, fresh",100 g,27.0,1.3,0.6,4.0,1.0,4.0,100
DR018,"Shallot, leaf, fresh",100 g,41.0,2.0,0.3,7.8,2.1,30.0,100
DR019,"Premna leaves, fresh",100 g,41.0,2.7,1.0,7.3,2.1,,100
DR020,"Belem leaf, fresh",100 g,50.0,4.4,1.4,7.8,1.9,,100
DR021,"Indian camphorweed, leaves",100 g,44.0,1.8,0.5,9.4,,,100
DR022,"Gandiaria leaves, fresh",100 g,63.0,3.1,0.3,14.0,2.1,3.0,100
DR023,"Sunset hibiscus, big, fresh",100 g,58.0,2.9,0.7,10.0,3.3,30.0,100
DR024,"Sunset hibiscus, small, fresh",100 g,61.0,3.2,0.7,10.4,3.4,20.0,100
DR025,"Common purslane leaves, fresh",100 g,30.0,1.3,0.7,5.8,1.3,5.0,100
DR026,"Bali goseweed leaves, fresh",100 g,50.0,4.6,0.9,7.0,1.4,,100
DR027,"Serang goseweed leaves, fresh",100 g,62.0,4.2,0.9,9.2,1.3,,100
DR028,"Chasew leaves, unripe, fresh",100 g,78.0,4.6,0.5,16.2,3.0,14.0,100
DR029,"Indian goosegrass, leaves",100 g,34.0,3.8,0.5,5.3,1.4,,100
DR030,"Jawaw leaf seluang, fresh",100 g,93.0,5.0,1.3,15.3,3.9,2.0,100
DR031,"Lilac tasselflower leaves, fresh",100 g,27.0,2.1,0.7,4.4,2.0,,100
DR032,"Chinese Motherwort leaves, fresh",100 g,36.0,2.9,0.6,6.8,1.8,7.0,100
DR033,"Yardlong beans leaves, fresh",100 g,30.0,3.1,0.3,5.8,1.7,7.0,100
DR034,"Ceara rubber leaves, fresh",100 g,92.0,4.0,3.6,10.9,5.8,70.0,100
DR035,"Sweet leaves, fresh",100 g,59.0,6.4,1.0,9.9,1.5,21.0,100
DR036,"Winged bean, fresh",100 g,52.0,5.0,0.5,8.5,,6.0,100
DR037,"Ambarella leaves, fresh",100 g,59.0,3.5,0.3,13.4,10.7,12.0,100
DR038,"Moringa leaves, fresh",100 g,92.0,5.1,1.6,14.3,8.2,61.0,100
DR039,"Kemang leaves, fresh",100 g,43.0,5.5,0.3,7.5,8.4,10.0,100
DR040,"Cosmos leaves, fresh",100 g,45.0,3.7,0.5,6.6,5.8,6.0,100
DR041,"Vietnamese coriander leaves, fresh",100 g,48.0,4.5,0.8,9.1,1.6,11.0,100
DR042,"Indian mustard leaves, fresh",100 g,22.0,2.1,0.5,3.6,0.9,19.0,100
DR043,"Koro leaves, fresh",100 g,23.0,3.0,0.3,3.7,,4.0,100
DR044,"Cabbage leaves, fresh",100 g,51.0,2.5,1.1,8.0,3.4,50.0,100
DR045,"Hyacinth bean leaves, fresh",100 g,14.0,1.3,0.3,2.3,0.9,2.0,100
DR046,"Chayote leaves, fresh",100 g,34.0,4.0,0.4,4.7,3.5,16.0,100
DR047,"Pumpkin leaves, fresh",100 g,34.0,3.6,0.6,4.5,2.9,16.0,100
DR048,"White leadtree leaves, fresh",100 g,87.0,8.3,1.8,14.4,3.3,10.0,100
DR049,"Leilem leaves, fresh",100 g,76.0,2.8,0.2,15.8,3.1,6.0,100
DR050,"American black nightshade leaves, fresh",100 g,49.0,4.7,0.5,8.1,,,100
DR051,"Radish leaves, fresh",100 g,30.0,2.3,0.4,5.8,3.2,16.0,100
DR052,"Taro leaves, fresh",100 g,44.0,3.0,0.8,7.4,3.3,3.0,100
DR053,"Shield aralia leaves, fresh",100 g,57.0,3.7,0.3,11.8,,,100
DR054,"Ambon matel leaves, fresh",100 g,71.0,6.8,1.6,11.5,4.6,,100
DR055,"Bago leaves, fresh",100 g,104.0,5.0,1.3,21.3,10.3,12.0,100
DR056,"Indian mulberry leaves, fresh",100 g,65.0,4.0,1.7,11.4,3.9,,100
DR057,"Ndusuk leaves, fresh",100 g,166.0,1.7,0.5,38.8,10.7,40.0,100
DR058,"Angled loofah leaves, fresh",100 g,22.0,1.0,0.1,5.3,2.0,40.0,100
DR059,"Fern leaves, fresh",100 g,39.0,4.5,0.4,6.9,2.0,20.0,100
DR060,"Longgiho fern leaves, fresh",100 g,54.0,2.2,3.6,3.1,2.1,70.0,100
DR061,"Wambateu fern leaves, fresh",100 g,53.0,3.4,1.2,7.2,4.8,20.0,100
DR062,"Vegetable fern, fresh",100 g,29.0,3.4,0.1,6.5,4.3,19.0,100
DR063,"Football fruit leaves, fresh",100 g,104.0,3.9,0.6,17.9,8.3,4.0,100
DR064,"Bitter melon leaves, fresh",100 g,49.0,2.7,1.0,8.4,3.0,7.0,100
DR065,"Papaya leaves, fresh",100 g,87.0,8.0,2.0,11.9,1.5,4.0,100
DR066,"Pilea leaves, fresh",100 g,37.0,2.5,0.8,6.9,2.6,,100
DR067,"Basil leaves, fresh",100 g,62.0,4.0,0.5,10.5,5.3,3.0,100
DR068,"Water clover leaves, fresh",100 g,45.0,4.4,0.5,8.5,1.9,64.0,100
DR069,"Dillenia leaves, fresh",100 g,53.0,3.2,2.5,7.6,1.6,,100
DR070,"Singkil leaves, fresh",100 g,68.0,2.0,1.0,15.2,3.3,,100
DR071,"Cassava leaves,fresh",100 g,50.0,6.2,1.1,7.1,2.4,17.0,100
DR072,"Ambon cassave leaves, fresh",100 g,144.0,12.7,1.2,25.2,10.2,44.0,100
DR073,"Ampenan cassava leaves, fresh",100 g,50.0,6.2,1.1,7.1,2.4,49.0,100
DR074,"Kopang cassava leaves, fresh",100 g,74.0,6.3,0.7,10.7,4.6,32.0,100
DR075,"Tropical burnweed leaves, fresh",100 g,36.0,2.6,0.9,6.1,1.7,64.0,100
DR076,"Taro leaves, fresh",100 g,59.0,3.0,0.4,13.5,3.0,4.0,100
DR077,"Water celery leaves, fresh",100 g,70.0,2.9,0.3,13.9,2.3,72.0,100
DR078,"Yellow sweet potato leaves, fresh",100 g,62.0,3.7,0.3,11.1,6.4,10.0,100
DR079,"Red sweet potato leaves, fresh",100 g,48.0,3.0,0.3,10.8,1.4,33.0,100
DR080,"White sweet potato leaves, fresh",100 g,46.0,2.8,0.2,8.2,4.8,10.0,100
DR081,"Purple sweet potato leaves, fresh",100 g,55.0,1.7,0.1,11.9,7.6,10.0,100
DR082,"Water hyacinth, fresh",100 g,19.0,1.0,0.2,3.8,1.8,45.0,100
DR083,"Angled loofah, fresh",100 g,19.0,0.8,0.2,4.1,1.3,23.0,100
DR084,"Yellow bur head, fresh",100 g,35.0,1.7,0.2,7.7,2.5,64.0,100
DR085,"Maize, unripe, fresh",100 g,35.0,2.2,0.1,7.4,1.9,353.0,100
DR086,Encik mushroom,100 g,296.0,9.4,1.1,62.0,,2.0,100
DR087,"Wood ear, dried",100 g,294.0,16.0,0.9,64.6,46.5,174.0,100
DR088,"Wood ear, fresh",100 g,21.0,3.8,0.6,0.9,5.1,17.0,100
DR089,"Straw mushroom, fresh",100 g,30.0,3.5,0.2,4.0,2.4,6.0,100
DR090,"Oyster mushroom, fresh",100 g,30.0,1.9,0.1,5.5,3.6,22.0,100
DR091,Sago mushroom,100 g,48.0,1.9,3.2,2.8,1.0,100.0,100
DR092,"Banana, flower, fresh",100 g,32.0,1.2,0.3,7.1,3.2,3.0,100
DR093,"Djenkol, fresh",100 g,192.0,5.4,0.3,40.7,1.5,60.0,100
DR094,Panicled Spot Flower,100 g,34.0,1.9,0.3,7.1,3.5,59.0,100
DR095,"Indonesian kabau, fresh",100 g,130.0,6.7,0.3,25.2,2.9,1.0,100
DR096,"Mecca bean, peas, fresh",100 g,22.0,1.1,1.0,3.4,1.1,2.0,100
DR097,"Yardlong bean, fresh",100 g,31.0,2.3,0.1,5.3,2.7,30.0,100
DR098,Ranti peas beans,100 g,37.0,3.1,0.2,7.9,2.5,,100
DR099,"Kalakai, fresh",100 g,38.0,2.4,0.2,6.6,5.8,7.0,100
DR100,Water spinach,100 g,28.0,3.4,0.7,3.9,2.0,65.0,100
DR101,Tondano water spinach,100 g,43.0,1.8,0.2,8.4,4.3,30.0,100
DR102,"Edible-podded pea, unripe, fresh",100 g,45.0,3.3,0.2,9.0,1.8,2.0,100
DR103,Bitter gourd,100 g,25.0,2.3,0.2,3.5,2.1,8.0,100
DR104,"Winged bean, unripe, fresh",100 g,32.0,2.9,0.2,5.8,5.5,3.0,100
DR105,"Torch ginger, fresh",100 g,34.0,0.9,1.0,6.7,2.6,47.0,100
DR106,"Breadfruit, fresh",100 g,118.0,1.5,0.3,27.2,5.0,2.0,100
DR107,"Vegetable-hummingbird flower, fresh",100 g,51.0,1.8,0.6,9.6,5.0,22.0,100
DR108,"Little hogweed, fresh",100 g,26.0,1.7,0.4,3.8,1.0,4.0,100
DR109,"Cucumber, fresh",100 g,8.0,0.2,0.2,1.4,0.3,2.0,100
DR110,"Cucumber (krai), fresh",100 g,10.0,0.5,0.2,2.0,0.6,10.0,100
DR111,"Madura cucumber, fresh",100 g,9.0,0.5,0.1,1.9,0.7,2.0,100
DR112,Hyacinth bean,100 g,99.0,3.3,0.1,21.2,10.3,15.0,100
DR113,"Cauli flower, fresh",100 g,25.0,2.4,0.2,4.9,1.6,47.0,100
DR114,"Red cabbage, cabbage",100 g,29.0,1.4,0.2,5.3,1.9,28.0,100
DR115,"Koro crackers, pods",100 g,128.0,8.3,0.7,22.1,,,100
DR116,"Hyacinth bean, seeds, dried",100 g,46.0,3.0,0.3,7.9,3.3,2.0,100
DR117,"Garlic chieves, fresh",100 g,45.0,2.2,0.3,10.3,4.8,21.0,100
DR118,"Garlic chieves, unripe, fresh",100 g,42.0,3.8,0.6,7.8,4.9,22.0,100
DR119,"Bago rind, fresh",100 g,111.0,4.5,1.1,20.7,5.0,,100
DR120,"Wax gourd, fresh",100 g,22.0,0.4,0.2,4.7,1.3,2.0,100
DR121,"Calabash, fresh",100 g,19.0,0.6,0.2,3.8,0.6,2.0,100
DR122,"Pumpkin, yellow, fresh",100 g,51.0,1.7,0.5,10.0,2.7,280.0,100
DR123,"Chayote, fresh",100 g,30.0,0.6,0.1,6.7,6.2,3.0,100
DR124,"Squash, fresh",100 g,32.0,1.1,0.1,6.6,0.5,1.0,100
DR125,"Lantar, fresh",100 g,34.0,2.2,0.3,5.5,2.9,3.0,100
DR126,"Radish, fresh",100 g,21.0,0.9,0.1,4.2,1.4,49.0,100
DR127,"Black nighshade, fresh",100 g,38.0,1.1,0.3,7.6,2.0,2.0,100
DR128,"Bago, fresh",100 g,66.0,5.0,0.7,13.3,,,100
DR129,Mustard Greens,100 g,33.0,2.3,0.5,4.7,1.8,20.0,100
DR130,"Jackfruit, unripe, fresh",100 g,57.0,2.0,0.4,11.3,8.3,1.0,100
DR131,"White bitter melon, fresh",100 g,19.0,1.0,0.4,3.6,1.3,5.0,100
DR132,"Snake gourd, fresh",100 g,19.0,0.6,0.1,3.9,1.0,130.0,100
DR133,"Papaya, unripe, fresh",100 g,29.0,2.1,0.1,4.9,2.1,22.0,100
DR134,"Bitter (petai) bean, fresh",100 g,92.0,5.4,1.1,15.2,2.0,55.0,100
DR135,"Parsley, fresh",100 g,53.0,3.7,1.0,9.0,0.0,18.0,100
DR136,"Black nighshade leaves, fresh",100 g,33.0,4.5,0.4,2.8,,2.0,100
DR137,Shameplant,100 g,76.0,3.6,0.3,14.6,7.1,1.0,100
DR138,"Bamboo shoot, fresh",100 g,25.0,0.8,0.1,5.3,9.7,3.0,100
DR139,"Turkey berry, fresh",100 g,75.0,1.6,0.6,15.8,10.0,20.0,100
DR140,Seaweed,100 g,41.0,1.4,0.3,8.1,2.2,250.0,100
DR141,"Mustard greens, fresh",100 g,28.0,2.3,0.3,4.0,2.5,22.0,100
DR142,"Napa cabbage, fresh",100 g,9.0,1.0,0.1,1.7,0.8,5.0,100
DR143,"Taiwan mustard greens, fresh",100 g,30.0,1.9,0.5,4.4,2.7,27.0,100
DR144,"Mustard greens, fresh",100 g,19.0,1.3,0.2,2.9,2.2,17.0,100
DR145,"Lettuce, fresh",100 g,18.0,1.2,0.2,2.9,1.8,19.0,100
DR146,"Watercress, fresh",100 g,17.0,3.1,0.2,2.2,0.7,65.0,100
DR147,"Celery, fresh",100 g,23.0,1.0,0.1,4.6,2.0,64.0,100
DR148,"Bean sprouts, fresh",100 g,34.0,3.7,1.2,4.3,1.1,19.0,100
DR149,"Sprouts of soybean, fresh",100 g,76.0,9.0,2.6,6.4,0.7,5.0,100
DR150,"Sprouts of blackeyed pea, fresh",100 g,40.0,5.0,0.2,5.8,2.6,2.0,100
DR151,"Ratoon sugarcane, fresh",100 g,30.0,4.6,0.4,3.0,0.8,699.0,100
DR152,"Pea eggplants, fresh",100 g,34.0,2.0,0.1,7.9,4.9,3.0,100
DR153,"Pea eggplants, dried",100 g,302.0,8.3,1.7,72.6,21.2,9.0,100
DR154,"Eggplant, fresh",100 g,28.0,1.1,0.2,5.5,2.1,9.0,100
DR155,"Sour eggplant, fresh",100 g,37.0,2.0,0.4,6.3,3.2,3.0,100
DR156,"Dutch eggplant, fresh",100 g,52.0,2.1,1.1,8.6,1.4,,100
DR157,"Bengkulu eggplant, fresh",100 g,52.0,1.1,0.4,11.2,3.2,14.0,100
DR158,"Hintaro eggplant, fresh",100 g,45.0,1.9,0.8,7.5,5.1,167.0,100
DR159,Long eggplant,100 g,25.0,2.1,0.1,5.3,0.5,9.0,100
DR160,"Tomato, juice, fresh",100 g,20.0,1.0,0.2,3.5,0.4,10.0,100
DR161,"Red tomato, fresh",100 g,24.0,1.3,0.5,4.7,1.5,10.0,100
DR162,"Green tomato, fresh",100 g,24.0,2.0,0.7,3.3,1.8,10.0,100
DR163,"Uceng/ bago flower, fresh",100 g,82.0,5.8,1.3,11.7,4.8,,100
DR164,"Coconut umbut, fresh",100 g,39.0,2.0,0.2,7.2,2.5,4.0,100
DR165,"Rattan, unripe shoot",100 g,34.0,2.4,0.3,5.5,2.2,8.0,100
DR166,"Carrot, fresh",100 g,36.0,1.0,0.6,7.9,1.0,70.0,100
EP001,Barongko,100 g,159.0,3.1,5.8,23.5,,46.0,100
EP002,Pineapple dodol,100 g,338.0,1.5,1.2,80.3,,,100
EP003,Getuk pisang,100 g,144.0,1.1,0.4,34.1,0.4,,100
EP004,Lampung cracker,100 g,485.0,1.7,22.2,69.7,0.6,,100
EP005,Ledre pisang,100 g,405.0,4.8,5.1,84.9,0.4,,100
EP006,Lempog durian,100 g,320.0,3.5,5.7,63.7,4.9,,100
EP007,Loka anjoro,100 g,163.0,1.1,4.3,30.0,,,100
EP008,Rica-rica taipa,100 g,49.0,1.6,0.3,10.0,,426.0,100
EP009,Rujak aceh,100 g,82.0,0.4,0.3,19.7,2.4,,100
EP010,Dried persimmon,100 g,296.0,1.1,0.6,71.4,,,100
EP011,Dried banana,100 g,281.0,2.4,0.7,66.1,1.0,,100
EP012,"Dried banana, cilacap",100 g,295.0,2.3,2.1,66.9,1.3,,100
EP013,Sanggara belanda,100 g,242.0,6.4,7.1,38.2,,,100
EP014,Banana flour,100 g,338.0,2.9,0.4,80.6,5.3,18.0,100
EP015,Breadfruit flour,100 g,353.0,2.9,0.5,84.4,3.7,9.0,100
ER001,"Avocado, fresh",100 g,85.0,0.9,6.5,7.7,,2.0,100
ER002,"Wild grape, fresh",100 g,30.0,0.5,0.2,6.8,1.2,,100
ER003,"Malang apple, fresh",100 g,57.0,0.5,0.4,12.8,0.8,4.0,100
ER004,"Apple, fresh",100 g,58.0,0.3,0.4,14.9,2.6,2.0,100
ER005,"Raspberry, fresh",100 g,37.0,0.8,0.5,8.3,,2.0,100
ER006,"Starfruit, fresh",100 g,36.0,0.4,0.4,8.8,3.2,4.0,100
ER007,"Loquat, fresh",100 g,51.0,0.3,0.1,12.1,0.7,1.0,100
ER008,"Parinari, fresh",100 g,23.0,0.8,0.2,5.2,,,100
ER009,"Kelenting fruit, fresh",100 g,110.0,1.4,2.1,21.4,,2.0,100
ER010,"Indian jujube, fresh",100 g,264.0,4.0,1.1,59.6,9.0,,100
ER011,"Velvet apple, fresh",100 g,39.0,0.7,0.2,9.7,2.0,1.0,100
ER012,"Red dragon fruit, fresh",100 g,71.0,1.7,3.1,9.1,3.2,10.0,100
ER013,"White dragon fruit, fresh",100 g,56.0,0.8,1.0,10.9,3.2,7.0,100
ER014,"Passion fruit, fresh",100 g,55.0,1.2,0.1,12.2,5.2,10.0,100
ER015,"Wild sweetsop, fresh",100 g,101.0,1.7,0.6,25.2,2.8,5.0,100
ER016,"Asam paya, fresh",100 g,78.0,0.6,0.3,18.2,,7.0,100
ER017,"Indian plum, fresh",100 g,113.0,0.8,0.3,26.8,7.7,2.0,100
ER018,"Ruruhi fruit (Syzygium polycephalum Merr), fresh",100 g,29.0,2.1,0.7,3.6,2.6,36.0,100
ER019,"Tuppa fruit, fresh",100 g,67.0,0.4,0.2,15.9,,2.0,100
ER020,"Papaya, fresh",100 g,24.0,1.9,0.2,3.7,1.0,,100
ER021,"Cempedak (Artocarpus integer), fresh",100 g,116.0,3.0,0.4,28.6,3.4,25.0,100
ER022,"Langsat, fresh",100 g,63.0,1.0,0.2,16.1,4.3,2.0,100
ER023,"Durian, fresh",100 g,134.0,2.5,3.0,28.0,3.5,1.0,100
ER024,"Java plum, fresh",100 g,80.0,0.5,0.6,18.2,0.9,16.0,100
ER025,"Saipan mango, fresh",100 g,98.0,1.4,0.2,25.4,1.9,3.0,100
ER026,"Tamarillo, fresh",100 g,122.0,3.5,4.5,17.5,9.3,,100
ER027,"Granadilla, fresh",100 g,70.0,0.6,0.0,18.9,7.7,21.0,100
ER028,Ripe plum mango,100 g,68.0,0.7,0.1,18.0,2.2,3.0,100
ER029,"Tahitian chestnut, fresh",100 g,191.0,4.5,1.5,39.7,13.4,17.0,100
ER030,"Water apple, fresh",100 g,46.0,0.6,0.2,11.8,2.1,11.0,100
ER031,Guava,100 g,49.0,0.9,0.3,12.2,2.4,10.0,100
ER032,Common guava,100 g,61.0,0.9,0.3,15.4,4.5,20.0,100
ER033,"Malay apple, fresh",100 g,49.0,2.3,0.2,9.6,3.5,1.0,100
ER034,"Cashew apple, fresh",100 g,64.0,0.7,0.6,15.8,1.2,12.0,100
ER035,"Pomelo, fresh",100 g,48.0,0.6,0.2,12.4,0.8,21.0,100
ER036,"Tangerine, fresh",100 g,61.0,0.8,0.2,14.1,5.4,3.0,100
ER037,Mandarin orange,100 g,44.0,0.8,0.3,10.9,1.6,5.0,100
ER038,"Calamansi, fresh",100 g,39.0,0.3,0.3,8.9,2.3,3.0,100
ER039,"Sweet orange, fresh",100 g,45.0,0.9,0.2,11.2,1.4,4.0,100
ER040,"Lime, fresh",100 g,44.0,0.5,0.2,10.0,0.4,3.0,100
ER041,"Ragi orange, fresh",100 g,49.0,0.7,0.2,11.1,0.5,4.0,100
ER042,"Wood apple, fresh",100 g,120.0,3.5,2.5,20.8,4.6,9.0,100
ER043,"Ripe ambarella, fresh",100 g,46.0,1.0,0.1,10.3,2.6,2.0,100
ER044,"Unripe ambarella, fresh",100 g,47.0,0.5,0.2,10.4,2.7,2.0,100
ER045,"Woromo, dried",100 g,623.0,2.0,52.1,36.5,15.3,100.0,100
ER046,"Young coconut, meat, fresh",100 g,68.0,1.0,0.9,14.0,0.0,18.0,100
ER047,"Kemang, fresh",100 g,48.0,1.0,0.2,11.9,1.7,2.0,100
ER048,"Persimmon, fresh",100 g,78.0,0.8,0.4,20.0,0.6,0.0,100
ER049,"Langsat, fresh",100 g,86.0,1.6,0.2,13.0,1.4,2.0,100
ER050,"Manila tamarind, fresh",100 g,315.0,2.1,1.4,73.5,3.6,,100
ER051,"Langsat, fresh",100 g,56.0,0.9,0.2,14.3,1.4,1.0,100
ER052,"Lemon, fresh",100 g,34.0,0.5,0.8,6.2,0.1,31.0,100
ER053,"Ice apple, fresh",100 g,27.0,0.4,0.2,6.0,1.6,,100
ER054,"Mango, fresh",100 g,52.0,0.7,0.0,12.3,1.6,3.0,100
ER055,"Brazilian mango, fresh",100 g,63.0,2.4,0.4,12.4,5.8,3.0,100
ER056,"Gedung mango, fresh",100 g,44.0,0.7,0.2,11.2,1.6,2.0,100
ER057,"Cedar bay mango, fresh",100 g,63.0,0.5,0.2,16.7,2.3,3.0,100
ER058,"Harumanis/arumanis mango,fresh",100 g,46.0,0.4,0.2,11.9,1.7,2.0,100
ER059,"Indramayu mango, fresh",100 g,72.0,0.8,0.2,18.7,2.5,3.0,100
ER060,"Kopek mango,fresh",100 g,56.0,0.4,0.2,14.6,2.0,2.0,100
ER061,"Kweni mango, fresh",100 g,86.0,0.7,0.5,19.8,6.5,1.0,100
ER062,"Manalagi mango, fresh",100 g,133.0,1.0,0.1,32.1,11.8,70.0,100
ER063,"Unripe mango, fresh",100 g,59.0,0.5,0.4,15.1,,2.0,100
ER064,"Mangosteen, fresh",100 g,63.0,0.6,0.6,15.6,1.5,10.0,100
ER065,"Granadilla, fresh",100 g,144.0,3.5,1.2,29.8,11.4,37.0,100
ER066,"Matoa, fresh",100 g,90.0,1.2,0.1,21.1,0.5,10.0,100
ER067,"Melon, fresh",100 g,37.0,0.6,0.4,7.8,1.0,27.0,100
ER068,"Menteng, fresh",100 g,65.0,1.7,0.3,16.1,,,100
ER069,"Palembang pineapple, fresh",100 g,58.0,0.7,0.2,13.3,1.6,7.0,100
ER070,"Pineapple, fresh",100 g,40.0,0.6,0.3,9.9,0.6,18.0,100
ER071,"Tree-ripe jackfruit, fresh",100 g,106.0,1.2,0.3,27.6,3.7,2.0,100
ER072,"Nutmeg, meat, fresh",100 g,42.0,0.3,0.2,10.9,0.5,,100
ER073,"Papaya, fresh",100 g,46.0,0.5,0.1,12.2,1.6,4.0,100
ER074,"Ambon banana, fresh",100 g,108.0,1.0,0.8,24.3,1.9,10.0,100
ER075,"Angleng banana (ampyang banana), fresh",100 g,68.0,1.3,0.2,17.2,0.8,23.0,100
ER076,"Ayam banana, fresh",100 g,120.0,1.1,0.2,26.8,4.1,6.0,100
ER077,"Gapi banana, fresh",100 g,131.0,1.6,0.1,31.1,11.7,6.0,100
ER078,"Goroho banana, fresh",100 g,119.0,1.5,0.2,27.9,4.6,36.0,100
ER079,"Green Banana, fresh",100 g,121.0,1.0,0.1,28.9,0.4,31.0,100
ER080,"Cooking plantain, fresh",100 g,100.0,1.4,0.5,23.6,2.6,1.0,100
ER081,"Saba banana, fresh",100 g,109.0,0.8,0.5,26.3,5.7,10.0,100
ER082,"Ketip banana, fresh",100 g,145.0,1.1,0.3,34.5,6.6,4.0,100
ER083,"Red banana, fresh",100 g,96.0,1.0,0.2,22.5,0.6,6.0,100
ER084,"Senorita banana, fresh",100 g,99.0,1.3,0.2,25.6,4.3,28.0,100
ER085,"Mas bali ampenan banana, fresh",100 g,92.0,1.4,0.2,21.0,3.7,32.0,100
ER086,"Mas bali kopang banana, fresh",100 g,127.0,1.4,0.2,31.8,3.7,43.0,100
ER087,"Lady finger banana, fresh",100 g,127.0,1.4,0.2,33.6,1.4,42.0,100
ER088,"Latundan banana, fresh",100 g,108.0,1.3,0.3,28.2,0.7,31.0,100
ER089,"Plantain, fresh",100 g,120.0,1.2,0.2,31.8,5.3,35.0,100
ER090,"Rattan banana, fresh",100 g,98.0,1.3,1.2,20.5,1.0,24.0,100
ER091,"Taro banana, fresh",100 g,113.0,1.2,0.2,26.7,4.4,29.0,100
ER092,Tujuh bulan banana,100 g,94.0,0.6,0.2,22.5,3.7,0.0,100
ER093,"Ua banana, fresh",100 g,128.0,0.8,0.5,30.2,8.1,33.0,100
ER094,"Uli banana, fresh",100 g,134.0,1.1,0.5,35.5,1.4,39.0,100
ER095,"Keffir lime, fresh",100 g,76.0,4.1,1.1,15.2,1.7,10.0,100
ER096,"Rambutan binjai, fresh",100 g,76.0,0.5,0.2,18.0,3.8,22.0,100
ER097,"Rambutan, fresh",100 g,69.0,0.9,0.1,18.1,0.8,16.0,100
ER098,"Salak bali, fresh",100 g,57.0,0.5,0.1,13.6,1.3,,100
ER099,"Salak medan, fresh",100 g,55.0,0.4,0.2,12.8,3.2,39.0,100
ER100,"Salak pondoh, fresh",100 g,87.0,0.8,0.4,20.1,0.0,,100
ER101,"Salak (snake fruit), fresh",100 g,77.0,0.4,,20.9,,,100
ER102,"Star apple, fresh",100 g,64.0,1.0,3.1,8.0,0.8,13.0,100
ER103,"Caqui, fresh",100 g,111.0,0.9,2.3,21.6,1.0,28.0,100
ER104,"Sapodilla, fresh",100 g,92.0,0.5,1.1,22.4,9.5,26.0,100
ER105,"Watermelon, fresh",100 g,28.0,0.5,0.2,6.9,0.4,7.0,100
ER106,"Soursop, fresh",100 g,65.0,1.0,0.3,16.3,3.2,2.0,100
ER107,"Sowa, fresh",100 g,48.0,1.6,0.6,9.1,45.0,9.0,100
ER108,"Sugar apple, fresh",100 g,63.0,1.1,0.5,13.9,2.1,,100
ER109,"Unripe breadfruit, fresh",100 g,119.0,1.4,0.2,28.1,1.4,24.0,100
ER110,"Ripe breadfruit, fresh",100 g,126.0,1.6,0.2,24.5,1.5,25.0,100
ER111,"Vigus, fresh",100 g,44.0,2.4,0.1,8.3,,2.0,100
ER112,"Wani, fresh",100 g,74.0,0.8,0.3,17.1,3.1,,100
FP001,"Chicken, gizzard, fried",100 g,270.0,32.3,11.2,9.9,0.0,980.0,100
FP002,"Chicken, intestine, fried",100 g,473.0,45.2,26.3,13.9,0.0,,100
FP003,"Duck, meat, fried",100 g,300.0,24.0,20.7,4.5,0.0,34.0,100
FP004,"Crocodile, meat, jerked meat, raw",100 g,365.0,49.6,4.8,30.8,,500.0,100
FP005,Ham,100 g,384.0,16.9,35.0,0.3,0.0,112.0,100
FP006,"Duck (alabio), meat, jerked meat, raw",100 g,496.0,30.3,33.5,18.4,,1.0,100
FP007,Kerupuk urat,100 g,588.0,53.7,40.9,1.2,,1.0,100
FP008,"Menjangan, meat, jerked meat, raw",100 g,322.0,55.8,2.0,22.7,,765.0,100
FP009,"Pigeon, meat, fried",100 g,224.0,26.2,11.3,4.4,,2.0,100
FP010,"Deer, meat, jerked meat, raw",100 g,536.0,40.5,41.5,0.0,,130.0,100
FP011,"Beef, shredded",100 g,212.0,18.0,10.6,59.3,7.5,,100
FP012,"Beef, shredded, original",100 g,358.0,14.6,16.1,38.6,2.5,,100
FP013,"Beef, meat, smoked",100 g,182.0,32.0,6.0,0.0,0.0,1.6,100
FP014,"Beef, meat, jerked meat, raw",100 g,301.0,55.0,9.0,0.0,,,100
FP015,"Beef, meat, corned",100 g,289.0,16.0,25.0,0.0,0.0,794.0,100
FP016,"Beef, meat, worst",100 g,448.0,14.5,42.3,2.3,,765.0,100
FP017,"Beef, liverworst",100 g,274.0,16.0,22.0,3.0,2.3,654.0,100
FP018,"Beef, lung, jerked meat, raw",100 g,360.0,57.3,6.0,19.2,,1.4,100
FP019,"Beef, lung, fried",100 g,268.0,23.9,12.7,14.5,,923.0,100
FP020,"Sago caterpillar, roasted",100 g,380.0,11.9,30.3,14.9,4.8,260.0,100
FP021,"Church's texas fried chicken, breast",100 g,338.0,35.2,20.6,0.4,0.0,800.0,100
FP022,"Church's texas fried chicken, thigh",100 g,287.0,31.0,15.7,1.7,0.0,723.0,100
FP023,"Church's texas fried chicken, wings",100 g,295.0,34.0,16.0,1.5,0.0,771.0,100
FP024,"Kalasan fried chicken, thigh",100 g,275.0,37.4,12.2,1.3,0.0,176.0,100
FP025,"Kentucky fried chicken, breast",100 g,298.0,34.2,16.8,0.1,0.0,741.0,100
FP026,"Kentucky fried chicken, thigh",100 g,286.0,32.1,16.1,1.1,0.0,746.0,100
FP027,"Kentucky fried chicken, wings",100 g,297.0,35.9,15.2,1.6,0.0,807.0,100
FP028,"Mbok Berek Fried chicken, breast",100 g,295.0,39.2,13.6,1.0,0.0,,100
FP029,"Pasundan fried chicken, breast",100 g,246.0,37.9,9.0,0.7,0.0,,100
FP030,"Pasundan fried chicken, thigh",100 g,245.0,33.1,11.4,0.3,0.0,,100
FP031,"Pioneer fried chicken, breast",100 g,295.0,37.4,14.7,0.6,0.0,,100
FP032,"Sukabumi fried chicken, breast",100 g,244.0,36.7,9.2,1.0,0.0,,100
FP033,"Sukabumi fried chicken, thigh",100 g,283.0,35.7,14.3,0.5,0.0,,100
FP034,"Taliwang chicken, dish",100 g,264.0,18.2,20.1,2.7,,507.0,100
FP035,"Wild boar rica, dish",100 g,491.0,24.6,16.3,0.2,,1.4,100
FP036,Beef burger,100 g,258.0,10.6,9.5,32.5,0.4,572.0,100
FP037,"Beef teriyaki, dish",100 g,151.0,8.6,3.1,22.3,0.3,377.0,100
FP038,"Beef yakiniku, dish",100 g,132.0,9.8,1.1,20.7,0.3,409.0,100
FP039,Brongkos,100 g,141.0,15.3,3.3,12.6,1.0,,100
FP040,"Bulgogi, dish",100 g,72.0,11.4,4.9,1.4,1.7,509.0,100
FP041,"Chicken teriyaki, dish",100 g,168.0,13.0,9.6,7.5,0.8,959.0,100
FP042,"Chikiniku, dish",100 g,143.0,9.8,1.4,22.8,0.4,531.0,100
FP043,"Coto mangkasara, horse, dish",100 g,96.0,6.8,5.9,3.8,,96.0,100
FP044,"Coto mangkasara, beef, dish",100 g,84.0,6.0,6.0,1.4,,90.0,100
FP045,"Djibokum, dish",100 g,248.0,10.0,2.3,40.9,0.1,401.0,100
FP046,"Empal (meat), Fried, dish",100 g,248.0,36.2,6.9,10.1,,848.0,100
FP047,Goat curry,100 g,126.0,4.2,9.4,6.2,,302.0,100
FP048,"Jangang bintatoeng, dish",100 g,107.0,5.3,2.2,16.5,,482.0,100
FP049,"Kalio chicken, dish",100 g,203.0,16.0,13.5,4.4,,534.0,100
FP050,"Kalio offal, dish",100 g,163.0,16.5,9.0,4.1,,570.0,100
FP051,"Kalio kikil (tunjang), dish",100 g,122.0,13.8,5.7,3.9,,519.0,100
FP052,"Kalio brain, dish",100 g,157.0,8.1,8.8,11.4,,604.0,100
FP053,"Pork Lawar, dish",100 g,174.0,17.0,10.0,3.0,0.0,,100
FP054,"Turtle Lawar, dish",100 g,141.0,23.0,1.5,7.6,0.0,,100
FP055,"Lawara jangang, dish",100 g,159.0,5.0,10.9,10.1,,400.0,100
FP056,"Naan maran cow, dish",100 g,478.0,38.3,33.9,5.1,,220.0,100
FP057,"Nasu likku, dish",100 g,196.0,14.5,8.3,15.9,,386.0,100
FP058,"Oramu ninahu ndawa olaho, dish",100 g,117.0,13.7,5.0,4.3,,,100
FP059,"Paniki cooked with coconut milk, dish",100 g,460.0,28.5,35.2,7.2,,2.0,100
FP060,"Pelolah manuk, dish",100 g,219.0,19.7,13.6,4.4,,577.0,100
FP061,"Rawon, dish",100 g,60.0,5.4,2.5,4.0,,,100
FP062,"Beef Rendang, dish",100 g,193.0,22.6,7.9,7.8,0.0,,100
FP063,"RW, dog, dish",100 g,198.0,24.6,10.7,0.9,,1.6,100
FP064,"Satay, turtle, dish",100 g,179.0,22.5,3.5,13.3,0.0,,100
FP065,"Pusut satay, dish",100 g,274.0,12.9,18.6,13.6,,609.0,100
FP066,"Penyu, serapah, masakan",100 g,174.0,13.1,12.2,2.2,0.0,,100
FP067,"Sie reuboh, dish",100 g,474.0,11.2,42.5,11.7,,677.0,100
FP068,"Oxtail soup, dish",100 g,71.0,7.5,3.6,2.2,,490.0,100
FP069,"Beef soup, dish",100 g,49.0,5.8,0.5,5.3,,391.0,100
FP070,"Beef leg soup, dish",100 g,68.0,9.0,1.9,3.7,,435.0,100
FP071,"Goat soup, dish",100 g,34.0,5.5,0.8,1.1,,348.0,100
FP072,"Konro soup, dish",100 g,71.0,7.4,2.6,4.5,,184.0,100
FP073,"Saudara soup, dish",100 g,89.0,7.2,5.0,3.9,,274.0,100
FP074,"Soto bandung, dish",100 g,42.0,3.9,1.7,2.8,0.4,,100
FP075,"Soto banjar, dish",100 g,110.0,2.9,9.5,3.2,,36.0,100
FP076,"Soto betawi, dish",100 g,135.0,2.5,8.8,11.5,0.5,,100
FP077,"Offal soto, dish",100 g,92.0,11.8,4.3,1.4,,363.0,100
FP078,"Soto kudus, masakan",100 g,38.0,2.6,2.3,1.8,0.2,,100
FP079,"Soto madura, dish",100 g,60.0,3.5,4.5,1.3,0.0,,100
FP080,"Soto padang, dish",100 g,127.0,5.9,6.6,11.0,0.7,,100
FP081,"Soto pekalongan, dish",100 g,94.0,3.0,6.8,5.1,0.3,,100
FP082,"Soto pemalang, dish",100 g,75.0,3.6,5.2,3.5,0.0,,100
FP083,"Soto sukaraja, dish",100 g,80.0,3.2,3.5,9.0,0.3,,100
FP084,"Soto sulung, dish",100 g,86.0,2.3,8.5,0.0,0.0,,100
FP085,"Sukiyaki, dish",100 g,75.0,5.6,0.4,12.2,0.2,426.0,100
FP086,"Tedong pallu basa, dish",100 g,83.0,10.4,3.4,2.8,,397.0,100
FP087,"Rat rica, dish",100 g,257.0,18.8,18.5,3.8,,1.7,100
FP088,"Tinoransa, dish",100 g,516.0,17.7,49.5,0.0,,1.3,100
FR001,"Veal, meat, fat, fresh",100 g,184.0,18.8,14.0,0.0,0.0,118.0,100
FR002,"Veal, meat, lean, fresh",100 g,174.0,19.6,10.0,0.0,0.0,96.0,100
FR003,"Veal, meat, medium fat, fresh",100 g,190.0,19.1,12.0,0.0,0.0,99.0,100
FR004,"Goose, meat, fresh",100 g,349.0,16.4,31.5,0.0,0.0,71.0,100
FR005,"Chicken, meat, fresh",100 g,298.0,18.2,25.0,0.0,0.0,109.0,100
FR006,"Chicken, black pudding/blood, fresh",100 g,75.0,13.8,1.9,0.7,0.0,337.0,100
FR007,"Chicken, liver, fresh",100 g,261.0,27.4,16.1,1.6,0.0,1.0,100
FR008,"Pork, meat, fat, fresh",100 g,453.0,11.9,45.0,0.0,0.0,112.0,100
FR009,"Pork, meat, lean, fresh",100 g,371.0,14.1,35.0,0.0,0.0,97.0,100
FR010,"Pork, kidney, fresh",100 g,110.0,16.3,4.6,0.8,0.0,139.0,100
FR011,"Pork, liver, fresh",100 g,129.0,19.7,4.8,1.7,0.0,110.0,100
FR012,"Duck, meat, fresh",100 g,321.0,16.0,28.6,0.0,0.0,54.0,100
FR013,"Duck (alabio), meat, fresh",100 g,303.0,11.3,27.0,3.7,0.0,50.0,100
FR014,"Whistling duck, meat, fresh",100 g,131.0,20.2,4.3,2.8,0.0,46.0,100
FR015,"Birds, nests, fresh",100 g,281.0,37.5,0.3,32.1,,,100
FR016,"Lamb, meat, fat, fresh",100 g,317.0,15.7,27.7,0.0,0.0,64.0,100
FR017,"Lamb, meat, lean, fresh",100 g,202.0,17.1,14.8,0.0,0.0,90.0,100
FR018,"Lamb, kidney, fresh",100 g,100.0,16.6,3.3,1.0,0.0,155.0,100
FR019,"Goat, meat, fresh",100 g,149.0,16.6,9.2,0.0,0.0,96.0,100
FR020,"Rabbit, meat, fresh",100 g,142.0,16.9,7.8,0.0,0.0,49.0,100
FR021,"Buffalo, meat, fresh",100 g,79.0,18.7,0.5,0.0,0.0,91.0,100
FR022,"Horse, meat, fresh",100 g,113.0,18.1,4.1,0.9,0.0,46.0,100
FR023,"Beef, tripe (babat), fresh",100 g,108.0,17.6,4.2,0.0,0.0,147.0,100
FR024,"Beef, meat, fat, fresh",100 g,273.0,17.5,22.0,0.0,0.0,93.0,100
FR025,"Beef, meat, laen, fresh",100 g,174.0,19.6,10.0,0.0,0.0,83.0,100
FR026,"Beef, meat, medium fat, fresh",100 g,201.0,18.8,14.0,0.0,0.0,105.0,100
FR027,"Beef, offal, fresh",100 g,183.0,12.0,14.4,1.4,0.0,277.0,100
FR028,"Beef, black pudding/ blood",100 g,98.0,21.9,1.1,0.0,0.0,150.0,100
FR029,"Beef, kidney, fresh",100 g,137.0,15.0,8.1,0.9,0.0,200.0,100
FR030,"Beef, tripe, fresh",100 g,84.0,10.5,4.6,0.2,0.0,73.0,100
FR031,"Beef, liver, fresh",100 g,132.0,19.7,3.2,6.0,0.0,110.0,100
FR032,"Beef, brain, fresh",100 g,123.0,10.4,8.6,0.8,0.0,112.0,100
FR033,"Beef, intestine, fresh",100 g,126.0,14.0,7.2,1.5,0.0,,100
FR034,"Sago caterpillar, fresh",100 g,241.0,5.8,21.6,5.8,2.8,210.0,100
GP001,"Snail, jerky, raw",100 g,441.0,48.7,20.3,15.8,0.0,,100
GP002,"Eel, fried",100 g,417.0,25.9,19.4,32.0,0.0,71.0,100
GP003,"Squid, fried",100 g,265.0,40.6,10.1,0.0,0.0,86.0,100
GP004,"Salted fish, dried",100 g,193.0,42.0,1.5,0.0,0.0,,100
GP005,"Presto milkfish, dish",100 g,296.0,17.1,20.3,11.3,0.0,,100
GP006,"Hemibagrus catfish, grilled",100 g,144.0,17.8,5.8,5.2,,168.0,100
GP007,Grilled Indonesian featherback,100 g,128.0,18.0,3.0,7.2,0.0,293.0,100
GP008,"Smoked skipjack tuna, raw",100 g,204.0,34.2,5.6,1.9,,176.0,100
GP009,"Salted skipjack tuna, raw",100 g,198.0,36.5,2.2,5.5,0.0,4.3,100
GP010,"Ikan peda, raw",100 g,81.0,11.4,1.9,3.8,0.0,,100
GP011,"Smoked snakehead murrel, raw",100 g,261.0,38.1,2.3,21.9,0.0,320.0,100
GP012,"Snakehead murrel, dried",100 g,268.0,58.0,4.0,0.0,0.0,,100
GP013,"Ikan gete, fried",100 g,267.0,23.1,19.4,0.2,,590.0,100
GP014,"Shark, fish, dried",100 g,298.0,46.3,3.6,20.2,,957.0,100
GP015,"Green snapper, salted",100 g,162.0,31.7,2.8,0.3,0.0,4.3,100
GP016,"Keumamah, dried",100 g,302.0,70.7,1.9,0.4,0.0,345.0,100
GP017,Grilled catfish,100 g,147.0,17.5,6.5,5.4,,142.0,100
GP018,"Salted lomak, raw",100 g,258.0,40.3,2.3,18.9,0.0,6.2,100
GP019,Pepes carp,100 g,209.0,15.2,11.3,11.8,0.5,74.0,100
GP020,Fried tilapia,100 g,416.0,46.9,23.9,0.0,0.0,54.0,100
GP021,pepes tilapia,100 g,121.0,21.7,2.8,0.8,0.0,58.0,100
GP022,"Tilapia, jerky, raw",100 g,582.0,68.3,15.2,37.2,0.0,,100
GP023,"The climbing perch, grilled",100 g,152.0,17.6,6.1,6.7,0.0,320.0,100
GP024,"Pangasius, grilled",100 g,144.0,17.5,6.3,4.3,,379.0,100
GP025,"Banjar peda fish, mentah",100 g,156.0,28.0,4.0,2.0,0.0,59.0,100
GP026,"Ponyfish, raw",100 g,176.0,32.0,4.4,2.0,0.0,79.0,100
GP027,"Pindang banjar fish, raw",100 g,157.0,28.0,4.2,1.8,0.0,,100
GP028,"Ikan pindang benggol, raw",100 g,170.0,31.0,4.2,0.0,0.0,,100
GP029,"Pindang Indian scad, raw",100 g,153.0,30.0,2.8,0.0,0.0,,100
GP030,"Pindang blackbanded trevally, raw",100 g,142.0,27.0,3.0,0.0,0.0,,100
GP031,"Smoked catfish, raw",100 g,534.0,40.2,39.3,4.9,2.0,673.0,100
GP032,"Seluang fish, dried, raw",100 g,415.0,61.3,17.6,2.9,0.0,381.0,100
GP033,"Hara fish, dish",100 g,284.0,34.1,9.9,14.6,0.0,1.7,100
GP034,"Blackbanded trevally, cue, raw",100 g,240.0,21.7,7.7,20.7,,2.0,100
GP035,"Yellowstripe scad, dried, raw",100 g,138.0,27.0,3.3,0.0,0.0,,100
GP036,"Snakeskin gourami, dried, raw",100 g,194.0,38.0,3.5,0.0,0.0,,100
GP037,"Leopard coral grouper, salted, raw",100 g,289.0,38.0,14.0,0.0,0.0,,100
GP038,"Fish, ground, raw",100 g,199.0,34.1,3.8,7.1,,377.0,100
GP039,"Baby anchovies, dried, raw",100 g,316.0,60.1,6.5,22.4,0.0,,100
GP040,"Anchovy, ground, raw",100 g,144.0,32.5,0.6,0.0,0.0,312.0,100
GP041,"Anchovy, dried, raw",100 g,277.0,60.0,2.3,1.8,0.0,,100
GP042,"Anchovy, dried, unsalted, raw",100 g,170.0,33.4,3.0,0.0,0.0,,100
GP043,"Anchovy, ground, raw",100 g,331.0,68.7,4.2,0.0,0.0,,100
GP044,"Clam, smoked, raw",100 g,347.0,48.8,6.4,19.6,0.0,,100
GP045,"Clam, jerky, raw",100 g,393.0,38.9,13.3,29.4,,160.0,100
GP046,"Small shrimp (Acetes), dried, raw",100 g,357.0,41.1,10.0,25.6,0.0,,100
GP047,"Rebung laut, raw",100 g,299.0,59.4,3.6,3.2,0.0,,100
GP048,Rusip,100 g,320.0,7.2,4.2,63.3,,20.0,100
GP049,Canned sardine,100 g,338.0,21.1,27.0,1.0,0.0,,100
GP050,"Sea cucumber, jerky, raw",100 g,462.0,39.1,32.4,3.5,0.0,315.0,100
GP051,"Dried shrimp, raw",100 g,278.0,62.6,4.1,2.2,,540.0,100
GP052,"Small shrimp, raw",100 g,273.0,47.8,3.8,12.5,,651.0,100
GP053,Shreded snakehead murrel,100 g,513.0,23.7,37.0,21.3,,61.0,100
GP054,Shredded fish,100 g,435.0,27.2,20.2,36.1,,,100
GP055,"Betok wadi, dish",100 g,145.0,16.3,7.0,4.1,,69.0,100
GP056,"Bou ninahu ndamate, dish",100 g,79.0,6.3,1.0,1.1,,67.0,100
GP057,"Bouiki ninahu nggaluku, dish",100 g,94.0,7.8,2.2,10.8,,58.0,100
GP058,Smoked skipjack tuna (papua smoked),100 g,155.0,20.1,3.8,10.2,,90.0,100
GP059,"Eel jerky, fried",100 g,382.0,55.7,14.1,8.0,0.0,,100
GP060,"Tilapia jerky, fried",100 g,598.0,74.3,26.9,9.2,0.0,,100
GP061,Fillet o-fish,100 g,270.0,12.3,15.9,19.3,0.2,439.0,100
GP062,"Sour soup gete, dish",100 g,75.0,8.2,2.0,6.0,,260.0,100
GP063,"Gulai asam keueung, dish",100 g,52.0,10.0,0.5,1.8,,332.0,100
GP064,"Gulai ikan paya, dish",100 g,148.0,10.0,9.8,5.0,,525.0,100
GP065,"Fish gulai, dish",100 g,106.0,16.5,3.3,2.5,,743.0,100
GP066,"Gulai keumamah, dish",100 g,110.0,5.9,8.2,3.2,,335.0,100
GP067,"Oyster gulai, dish",100 g,132.0,9.0,7.2,7.8,,285.0,100
GP068,"Sweet sour gourami, dish",100 g,192.0,12.7,10.1,12.7,0.0,,100
GP069,"Red smoked fish, dish",100 g,146.0,17.7,5.9,5.6,,170.0,100
GP070,Fried pangasius,100 g,286.0,48.5,9.2,2.3,,,100
GP071,"Jukku pallu kaloa, dish",100 g,15.0,15.2,4.3,8.8,,605.0,100
GP072,"Kaholeo, dish",100 g,413.0,28.7,19.8,29.8,,0.0,100
GP073,"Lawara penjah, dish",100 g,207.0,7.4,15.4,9.6,,683.0,100
GP074,"Model, dish",100 g,79.0,2.2,4.0,8.6,,147.0,100
GP075,"Yellow pickled tilapia, dish",100 g,330.0,17.8,23.4,12.1,1.1,,100
GP076,"Parede baleh, dish",100 g,87.0,10.5,2.5,5.5,,416.0,100
GP077,Pempek adaan (fish ball),100 g,162.0,4.9,3.0,27.8,,488.0,100
GP078,Featherback pempek,100 g,156.0,4.2,1.4,31.6,0.2,,100
GP079,Pempek kapal selam,100 g,152.0,4.5,2.3,28.2,,628.0,100
GP080,Pempek kelesan,100 g,211.0,12.3,6.1,26.6,0.4,,100
GP081,Skin pempek,100 g,243.0,5.2,7.3,39.1,,555.0,100
GP082,Egg pempek,100 g,156.0,4.7,2.7,28.3,,448.0,100
GP083,Spanish mackerel pempek,100 g,173.0,7.2,1.2,33.4,0.2,,100
GP084,"Catfish pencok, dish",100 g,372.0,7.8,36.3,3.5,0.0,,100
GP085,"Pinda, dish",100 g,107.0,15.9,0.6,0.4,,526.0,100
GP086,"Pindang kenari, dish",100 g,124.0,9.5,9.6,0.0,,370.0,100
GP087,"Octopus saboko, dish",100 g,87.0,15.7,1.5,2.6,,200.0,100
GP088,"Saboko saltan, dish",100 g,113.0,17.1,3.6,3.0,,40.0,100
GP089,"Sardine saboko, dish",100 g,110.0,12.9,4.3,4.9,,200.0,100
GP090,Skewered milkfish,100 g,283.0,12.1,16.8,20.9,2.0,543.0,100
GP091,"Sepi, dish",100 g,88.0,7.9,1.6,10.6,,873.0,100
GP092,Tekwan,100 g,53.0,1.9,0.9,9.4,,174.0,100
GP093,"Balado anchovy, dish",100 g,365.0,23.7,22.3,17.5,0.0,,100
GP094,Stir-fried milkfish,100 g,189.0,11.3,15.7,0.6,,314.0,100
GP095,Stir-fried keumamah,100 g,300.0,14.5,20.0,15.5,4.5,,100
GR001,"Java barb, fresh",100 g,70.0,14.6,0.8,1.0,0.0,55.0,100
GR002,"Maroon clownfish, fresh",100 g,93.0,12.8,1.5,6.1,0.0,33.0,100
GR003,"Blackfin snapper, fresh",100 g,75.0,16.1,0.7,0.1,0.0,37.0,100
GR004,"Milkfish, fresh",100 g,193.0,19.0,13.0,0.0,0.0,118.0,100
GR005,"Chub mackerel, fresh",100 g,107.0,16.5,3.9,1.5,0.0,86.0,100
GR006,"Streaked spinefoot, fresh",100 g,112.0,20.0,1.3,3.7,0.0,148.0,100
GR007,"Seluang fish, fresh",100 g,123.0,20.0,4.8,0.0,0.0,67.0,100
GR008,"Hemibagrus catfish, fresh",100 g,111.0,19.4,0.9,4.8,0.0,99.0,100
GR009,"Silver pomfret, fresh",100 g,78.0,14.5,0.6,3.7,0.0,26.0,100
GR010,"Indonesian featherback, fresh",100 g,115.0,14.5,4.6,4.2,0.0,42.0,100
GR011,"Asian swamp eel, fresh",100 g,123.0,15.1,5.5,3.3,0.0,32.0,100
GR012,"Eel, saltwater, fresh",100 g,91.0,19.0,1.7,0.0,0.0,129.0,100
GR013,"Spotted barb, fresh",100 g,80.0,14.7,1.4,2.2,0.0,41.0,100
GR014,"Kissing gourami, fresh",100 g,109.0,17.0,4.0,0.0,0.0,109.0,100
GR015,"Cyprinid fish, fresh",100 g,90.0,14.9,2.5,2.1,0.0,35.0,100
GR016,"Giant trevally, fresh",100 g,88.0,14.2,0.7,6.2,0.0,217.0,100
GR017,"Herring, fresh",100 g,100.0,14.7,2.4,4.9,,390.0,100
GR018,"Skipjack tuna, fresh",100 g,134.0,25.5,1.3,5.0,,197.0,100
GR019,"Skipjack tuna, liver, fresh",100 g,107.0,19.6,0.7,5.5,0.0,66.0,100
GR020,"Skipjack tuna, heart, fresh",100 g,120.0,11.3,3.9,10.0,,420.0,100
GR021,"Skipjack tuna, stomach, fresh",100 g,116.0,11.2,1.2,10.2,,360.0,100
GR022,"Squid, fresh",100 g,86.0,10.2,1.1,8.7,,230.0,100
GR023,"Leaf fish, fresh",100 g,101.0,11.5,4.1,4.6,0.0,120.0,100
GR024,"Caesionidae, fresh",100 g,108.0,22.3,1.2,2.1,0.0,50.0,100
GR025,"Snakehead murrel, fresh",100 g,80.0,16.2,0.5,2.6,0.0,65.0,100
GR026,"Heu fish, fresh",100 g,81.0,10.0,1.6,6.6,,240.0,100
GR027,"Rohu fish, fresh",100 g,101.0,10.3,3.7,6.7,0.0,70.0,100
GR028,"Shark, fresh",100 g,57.0,10.7,0.3,2.2,0.0,,100
GR029,"Neddlefish, fresh",100 g,77.0,15.6,0.9,1.6,0.0,,100
GR030,"Snapper, fresh",100 g,92.0,20.0,0.7,0.0,0.0,,100
GR031,"Parrot fish, fresh",100 g,82.0,11.4,1.2,6.4,,90.0,100
GR032,"Cyprinid freshwater fish, fresh",100 g,77.0,16.4,0.7,1.3,0.0,40.0,100
GR033,"Kamera fish, fresh",100 g,86.0,19.7,0.8,0.0,0.0,90.0,100
GR034,"Malay combtail, fresh",100 g,132.0,17.0,6.7,0.8,0.0,78.0,100
GR035,"Mackerel tuna, fresh",100 g,110.0,12.6,4.2,5.4,,340.0,100
GR036,"Indian mackerel, mackerel, fresh",100 g,93.0,16.5,2.1,0.8,0.0,137.0,100
GR037,"Snail, fresh",100 g,70.0,10.8,0.7,5.2,,342.0,100
GR038,"Crab, fresh",100 g,161.0,11.9,11.5,2.4,0.0,,100
GR039,"Clam, fresh",100 g,109.0,22.0,1.7,0.0,0.0,,100
GR040,"Pufferfish, fresh",100 g,82.0,18.0,1.0,0.4,0.0,,100
GR041,"Large saltwater clam, fresh",100 g,90.0,20.4,0.9,0.0,,56.0,100
GR042,"Frog, fresh",100 g,112.0,20.0,3.0,0.0,0.0,,100
GR043,"Turtle, fresh",100 g,104.0,15.6,3.2,2.0,0.0,,100
GR044,"Athlantic threadfin, fresh",100 g,99.0,20.6,1.4,0.9,,76.0,100
GR045,"Catfish, fresh",100 g,115.0,15.3,4.0,4.4,0.0,120.0,100
GR046,"Indian scad, fresh",100 g,86.0,16.0,2.0,0.0,0.0,65.0,100
GR047,"Largehead hairtail, fresh",100 g,97.0,17.9,2.0,0.4,0.0,,100
GR048,"Indian mackerel, fresh",100 g,89.0,18.7,1.0,0.0,0.0,51.0,100
GR049,"Bali sardinella, fresh",100 g,154.0,16.8,5.0,10.5,,421.0,100
GR050,"Tonguefish, fresh",100 g,125.0,21.3,3.4,2.2,,214.0,100
GR051,"Mangrove clam, fresh",100 g,303.0,14.0,27.0,0.0,0.0,43.0,100
GR052,"Mackerel scad, fresh",100 g,120.0,14.3,4.9,4.6,0.0,240.0,100
GR053,"Red mamar fish, fresh",100 g,132.0,17.0,6.6,1.1,0.0,77.0,100
GR054,"European carp, fresh",100 g,147.0,22.5,5.2,2.6,,,100
GR055,"Catfish, fresh",100 g,76.0,14.4,1.1,2.2,,,100
GR056,"Tilapia, fresh",100 g,113.0,13.9,4.9,3.4,0.0,51.0,100
GR057,"Nasu metti fish, fresh",100 g,109.0,19.9,1.8,3.4,0.0,266.0,100
GR058,"Paling fish, fresh",100 g,100.0,18.8,2.2,0.0,0.0,43.0,100
GR059,"The climbing perch, fresh",100 g,84.0,15.2,0.6,4.7,0.0,211.0,100
GR060,"Pangasius fish, fresh",100 g,81.0,11.4,1.9,3.8,0.0,46.0,100
GR061,"Pomo fish, fresh",100 g,111.0,13.3,3.4,6.7,,91.0,100
GR062,"Bagrid catfish, fresh",100 g,88.0,15.9,0.9,4.1,0.0,24.0,100
GR063,"Blue crab, fresh",100 g,96.0,19.5,1.1,2.0,0.0,43.0,100
GR064,"Rebon, small shrimp, fresh",100 g,95.0,15.8,0.7,6.5,0.0,58.0,100
GR065,"Seluang fish, fresh",100 g,204.0,16.0,15.0,0.0,0.0,341.0,100
GR066,"Sardine, fresh",100 g,101.0,15.1,4.1,1.0,0.0,50.0,100
GR067,"Blackbanded trevally, fresh",100 g,98.0,19.6,1.7,1.0,0.0,90.0,100
GR068,"Snakeskin gourami, fresh",100 g,74.0,10.3,1.4,4.1,0.0,554.0,100
GR069,"Bicolour eel, fresh",100 g,82.0,17.4,0.4,2.3,0.0,110.0,100
GR070,"Leopard coral grouper, fresh",100 g,100.0,13.7,1.5,8.0,0.0,202.0,100
GR071,"Giant snakehead, fresh",100 g,96.0,19.2,2.0,0.2,,370.0,100
GR072,"Sale fish, fresh",100 g,64.0,12.0,1.0,2.0,0.0,231.0,100
GR073,"Tarmon fish, fresh",100 g,151.0,13.8,3.8,14.1,0.0,,100
GR074,"Spiny eel, fresh",100 g,101.0,14.4,2.6,3.9,0.0,,100
GR075,"Goldstripe sardinella, fresh",100 g,73.0,16.4,0.3,0.0,0.0,,100
GR076,"Wallago catfish, segar",100 g,83.0,19.1,0.2,0.0,0.0,,100
GR077,"Flying fish, fresh",100 g,87.0,16.0,2.2,1.0,0.0,,100
GR078,"Anchovy, fresh",100 g,217.0,11.0,1.7,5.1,,3.0,100
GR079,"Spotted scat, fresh",100 g,76.0,12.1,2.0,2.4,0.0,69.0,100
GR080,"Mackerel tuna, fresh",100 g,81.0,16.2,1.2,0.7,0.0,169.0,100
GR081,"Turi fish, fresh",100 g,110.0,11.5,2.0,11.7,0.0,,100
GR082,"Tiger prawn, giant, fresh",100 g,81.0,16.5,0.3,3.0,0.0,95.0,100
GR083,"Giant freshwater prawn, fresh",100 g,56.0,11.4,0.6,1.2,0.0,190.0,100
GR084,"Prawn, fresh",100 g,91.0,21.0,0.2,0.1,0.0,178.0,100
HP001,"Chicken egg, omelette, dish",100 g,251.0,16.3,19.4,1.4,0.0,,100
HP002,"Duck egg, salted, raw",100 g,179.0,13.6,13.3,4.4,0.0,483.0,100
HP003,"Duck egg, omelette, dish",100 g,301.0,20.0,23.7,0.0,0.0,,100
HP004,"Fish egg, salted, raw",100 g,358.0,20.7,26.4,9.4,0.0,2.6,100
HP005,"Bayau mi balu, dish",100 g,313.0,6.0,12.2,44.8,,,100
HP006,"Cucuru bayau, dish",100 g,349.0,6.8,18.7,38.3,,,100
HP007,"Egg kalio, dish",100 g,193.0,10.6,12.4,9.7,,540.0,100
HR001,"Free-range egg, fresh",100 g,174.0,10.8,14.0,1.2,0.0,190.0,100
HR002,"Caged egg, fresh",100 g,154.0,12.4,10.8,0.7,0.0,142.0,100
HR003,"Caged egg, yolk, fresh",100 g,355.0,16.3,31.9,0.7,0.0,111.0,100
HR004,"Caged egg, white (albumen), fresh",100 g,50.0,10.8,0.0,0.8,0.0,164.0,100
HR005,"Alabio duck egg, fresh",100 g,187.0,11.8,14.2,3.0,0.0,115.0,100
HR006,"Duck egg, yolk, fresh",100 g,386.0,17.0,35.0,0.8,0.0,106.0,100
HR007,"Duck egg, white (albumen), fresh",100 g,54.0,11.0,0.0,0.8,0.0,184.0,100
HR008,"Domestic duck egg, fresh",100 g,187.0,10.9,12.4,7.9,0.0,209.0,100
HR009,"Maleo egg, fresh",100 g,436.0,26.5,36.3,0.4,,77.0,100
HR010,"Turtle egg, fresh",100 g,136.0,8.6,10.1,2.7,0.0,478.0,100
HR011,"Quail egg, fresh",100 g,116.0,10.7,7.0,1.6,0.0,111.0,100
JP001,Ice cream,100 g,210.0,4.0,12.5,20.6,0.0,78.0,100
JP002,Hangop,100 g,65.0,10.0,1.0,3.5,0.0,126.0,100
JP003,Cheese,100 g,326.0,22.8,20.3,13.1,0.0,1.4,100
JP004,Quark,100 g,242.0,19.0,17.0,3.0,0.0,37.0,100
JP005,"Sour milk for baby, powder",100 g,418.0,19.0,9.0,65.5,0.0,188.0,100
JP006,Powdered milk,100 g,513.0,24.6,30.0,36.2,0.0,380.0,100
JP007,Sweetened condensed milk,100 g,343.0,8.2,10.0,55.0,0.0,150.0,100
JP008,Unsweetened condensed milk,100 g,138.0,7.0,7.9,9.9,,140.0,100
JP009,"Skimmed milk, powder",100 g,359.0,35.6,1.0,52.0,0.0,470.0,100
JP010,"Skimmed milk, fresh",100 g,36.0,3.5,0.1,5.1,,38.0,100
JP011,"Yoghurt, fresh",100 g,52.0,3.3,2.5,4.0,0.0,40.0,100
JR001,"Cream, fresh",100 g,204.0,2.6,20.0,4.0,0.0,,100
JR002,Breastmilk,100 g,62.0,1.5,3.2,7.0,0.0,15.0,100
JR003,"Goat milk, fresh",100 g,64.0,4.3,2.3,6.6,0.0,35.0,100
JR004,"Buffalo milk, fresh",100 g,160.0,6.3,12.0,7.1,,82.0,100
JR005,"Horse milk, fresh",100 g,40.0,2.0,1.1,5.4,0.0,,100
JR006,"Cow milk, fresh",100 g,61.0,3.2,3.5,4.3,0.0,36.0,100
KP001,Margarine,100 g,720.0,0.6,81.0,0.4,0.0,760.0,100
KP002,Butter,100 g,742.0,0.5,81.6,1.4,0.0,653.0,100
KP003,Coconut milk (with water),100 g,122.0,2.0,10.0,7.6,1.4,9.0,100
KP004,Pure coconut milk,100 g,324.0,4.2,34.3,5.6,0.0,18.0,100
KR001,"Semi-ripe coconut, meat, fresh",100 g,180.0,4.0,15.0,10.0,2.4,4.0,100
KR002,"Ripe coconut, meat, fresh",100 g,359.0,3.4,34.7,14.0,4.7,3.0,100
KR003,Pork fat (lard),100 g,902.0,0.0,100.0,0.0,0.0,0.0,100
KR004,Pork fat (bacon),100 g,626.0,9.1,65.0,1.1,0.0,0.0,100
KR005,Fish fat,100 g,372.0,12.0,29.4,14.4,0.0,60.0,100
KR006,Buffalo fat (cow fat),100 g,818.0,1.5,90.0,0.0,0.0,29.0,100
KR007,"Shark oil, liver",100 g,902.0,0.0,100.0,0.0,0.0,0.0,100
KR008,Fish oil,100 g,902.0,0.0,100.0,0.0,0.0,0.0,100
KR009,Peanut oil,100 g,902.0,0.0,100.0,0.0,0.0,0.0,100
KR010,Soy oil,100 g,883.0,0.0,99.9,0.0,0.0,0.0,100
KR011,Coconut oil,100 g,870.0,1.0,98.0,0.0,0.0,0.0,100
KR012,Palm oil,100 g,884.0,0.0,100.0,0.0,0.0,0.0,100
KR013,Sesame oil,100 g,881.0,0.2,99.7,0.0,0.0,2.0,100
KR014,Olive oil,100 g,884.0,0.0,100.0,0.0,0.0,7.0,100
MP001,"Sweet chocolate, bar",100 g,527.0,2.0,29.8,62.7,6.5,6.0,100
MP002,"Bitter chocolate, bar",100 g,615.0,5.5,42.6,29.2,10.8,20.0,100
MP003,"Milk chocolate, bar",100 g,565.0,9.0,35.0,53.6,3.4,100.0,100
MP004,Cocoa powder,100 g,311.0,8.0,4.0,48.9,32.6,,100
MP005,Palm sugar,100 g,368.0,0.0,0.0,92.0,0.0,15.0,100
MP006,Coconut palm sugar,100 g,386.0,3.0,10.0,76.0,0.0,2.0,100
MP007,White sugar,100 g,394.0,0.0,0.0,94.0,0.0,1.0,100
MP008,Jam,100 g,239.0,0.5,0.6,64.5,1.0,30.0,100
MP009,Instant coffee powder,100 g,129.0,12.3,0.5,35.0,0.0,72.0,100
MP010,Honey,100 g,294.0,0.3,0.0,79.5,0.2,6.0,100
MP011,Markisa squash,100 g,217.0,2.5,1.0,49.6,,14.0,100
MP012,"Markisa squash, BD",100 g,104.0,1.2,0.5,23.7,,40.0,100
MP013,Molasses,100 g,276.0,,0.1,71.0,0.0,14.0,100
MP014,Syrup,100 g,213.0,0.0,0.0,55.0,0.0,3.0,100
MP015,Pirous syrup,100 g,228.0,0.2,0.4,55.9,0.0,3.0,100
MP016,Dried green tea leaves,100 g,300.0,28.3,4.8,53.6,9.6,60.0,100
MP017,Dried black tea leaves,100 g,293.0,24.5,2.8,58.8,8.7,50.0,100
MP018,Dried jasmine tea leaves,100 g,299.0,24.1,3.5,59.0,9.7,70.0,100
NP001,Fermented baby shrimp / Balichong,100 g,152.0,13.2,0.8,22.9,1.5,120.0,100
NP002,Fermented fish / Bekasam,100 g,116.0,11.9,4.9,6.1,3.5,711.0,100
NP003,Bekasang (fermented fish stomach),100 g,78.0,11.4,2.0,3.6,0.4,4.0,100
NP004,Vinegar,100 g,21.0,0.1,0.1,5.0,0.0,21.0,100
NP005,Sweet soy sauce,100 g,71.0,5.7,1.3,9.0,0.0,1.1,100
NP006,Fish paste (petis),100 g,165.0,20.0,0.2,20.8,,,100
NP007,Dried shrimp paste,100 g,345.0,23.8,1.4,59.3,0.0,11.9,100
NP008,Shrimp paste,100 g,220.0,15.0,0.9,38.0,2.3,7.9,100
NP009,Tomato sauce,100 g,110.0,2.0,0.4,24.5,0.9,890.0,100
NP010,Tempoya,100 g,110.0,1.7,1.3,21.9,2.6,597.0,100
NP011,Belachan,100 g,155.0,22.3,2.9,9.9,2.7,1.6,100
NP012,Dobo belachan,100 g,191.0,33.1,3.6,6.6,1.6,650.0,100
NP013,Red belachan,100 g,174.0,30.0,3.5,5.6,2.2,7.8,100
NR001,"Asam arang coklat, fresh",100 g,130.0,0.5,1.1,30.9,1.5,13.0,100
NR002,"Asam arang merah, fresh",100 g,99.0,0.8,1.6,20.3,2.8,2.0,100
NR003,"Asam gelugur, dried",100 g,261.0,0.9,1.6,63.3,5.0,26.0,100
NR004,"Asam gelugur, fresh",100 g,75.0,0.2,1.1,16.1,3.4,93.0,100
NR005,"Tree-ripe tamarind, fresh",100 g,267.0,2.8,0.6,62.5,1.2,9.0,100
NR006,"Asam payak, fresh",100 g,135.0,0.8,0.4,32.1,10.0,0.0,100
NR007,"Shallot, fresh",100 g,46.0,1.5,0.3,9.2,1.7,7.0,100
NR008,"Garlic, fresh",100 g,112.0,4.5,0.2,23.1,0.6,46.0,100
NR009,"Fingerroot, fresh",100 g,40.0,1.0,0.8,7.2,1.0,33.0,100
NR010,"Galangal, fresh",100 g,26.0,1.0,0.3,4.7,1.1,24.0,100
NR011,"Red capsicum, fresh",100 g,38.0,1.6,0.8,6.3,1.6,7.0,100
NR012,"Green chili, fresh",100 g,26.0,0.7,0.3,5.2,2.6,7.0,100
NR013,"Red chili, dried",100 g,367.0,15.9,6.2,61.8,26.9,25.0,100
NR014,"Red chili, fresh",100 g,36.0,1.0,0.3,7.3,1.4,23.0,100
NR015,"Tabasco pepper, fresh",100 g,120.0,4.7,2.4,19.9,15.2,34.0,100
NR016,"Clove, dried",100 g,330.0,5.2,8.9,57.4,10.0,282.0,100
NR017,"Bay leaf, ground",100 g,301.0,14.2,10.9,49.0,9.4,180.0,100
NR018,"Ginger, fresh",100 g,51.0,1.5,1.0,10.1,12.0,12.0,100
NR019,Candlenut,100 g,675.0,19.0,63.0,8.0,3.0,25.0,100
NR020,"Coriander, dried",100 g,418.0,14.1,16.1,54.2,12.3,91.0,100
NR021,Kluwek,100 g,310.0,10.0,24.0,13.5,,,100
NR022,"Turmeric, fresh",100 g,69.0,2.0,2.7,9.1,0.6,6.0,100
NR023,"Pepper, dried",100 g,365.0,11.5,6.8,64.4,1.0,4.0,100
NR024,"Nutmeg, seed, dried",100 g,518.0,7.5,36.4,40.1,3.5,2.0,100
PR001,"Young coconut, water, fresh",100 g,,,,,,,100
