food_id|food_name|scientific_name|common_name|edible_portion
A001|Corn grits, white|Zea mays|Mais, durog, puti|100%
A002|Corn grits, yellow|Zea mays|Mais, durog, dilaw|100%
A003|Corn on cob, white|Zea mays|Mais sa busal, puti|30%
A004|Corn on cob, yellow|Zea mays|Mais sa busal, dilaw|39%
A005|Corn on cob, yellow, boiled|Zea mays|Mais sa busal, dilaw, nilaga|54%
A006|Cornmeal, white|Zea mays|Mais, giniling, puti|100%
A007|Cornmeal, yellow|Zea mays|Mais, giniling, dilaw|100%
A008|Job's tears grain|Coix lacryma-jobi|Adlay/Tigbe butil|100%
A009|Millet, glutinous|Panicum miliaceum|N/A|100%
A010|Rice bran|Oryza sativa|Darak|100%
A011|Rice, glutinous, parboiled, flattened|Oryza sativa|Pinipig|100%
A012|Rice, milled, glutinous|Oryza sativa|Bigas, malagkit|100%
A013|Rice, milled, glutinous, milled w/ water|Oryza sativa|Bigas, malagkit, galapong|100%
A014|Rice, undermilled|Oryza sativa|Brown rice/Pinawa|100%
A015|Rice, undermilled, glutinous, purple|Oryza sativa|Bigas, malagkit, pirurutong|100%
A016|Rice, undermilled, glutinous, purple, boiled|Oryza sativa|Bigas, malagkit, pirurutong, sinaing|100%
A017|Rice, undermilled, red|Oryza sativa|Bigas, mapula|100%
A019|Rice, well-milled|Oryza sativa|Bigas, maputi|100%
A020|Rice, well-milled, boiled|Oryza sativa|Bigas, maputi, sinaing|100%
A021|Rice, well-milled, fried|N/A|Bigas, maputi, sinangag|100%
A022|Rice-corn mixture (1:1)|N/A|Bigas-mais pinaghalo (1:1)|100%
A023|Rice-corn mixture (1:1), boiled|N/A|Bigas-mais pinaghalo (1:1), sinaing|100%
A024|Sorghum|Sorghum bicolor|Batad/Batag, butil|100%
A025|Sorghum, boiled|Sorghum bicolor|Batad/Batag, butil, nilaga|100%
A026|Ampaw, pinipig|N/A|N/A|100%
A027|Ampaw, rice|N/A|N/A|100%
A028|Bicho-bicho|N/A|Bitsu-bitso|100%
A029|Biscuit, cocohoney|N/A|N/A|100%
A030|Bread, w/ margarine & sugar filling|N/A|Spanish bread|100%
A031|Bread, brown|N/A|N/A|100%
A032|Bread, cheese roll|N/A|N/A|100%
A033|Bread, cinnamon roll|N/A|N/A|100%
A034|Bread, hotdog roll|N/A|N/A|100%
A035|Bread, toasted, w/ margarine-sugar topping|N/A|Biscocho|100%
A036|Bread, mung bean loaf|N/A|Munggo bread|100%
A037|Bread, pan de bonete|N/A|N/A|100%
A038|Bread, pan de coco|N/A|N/A|100%
A039|Bread, pan de leche|N/A|N/A|100%
A040|Bread, pan de limon|N/A|N/A|100%
A041|Bread, pan de monay|N/A|N/A|100%
A042|Bread, pan de sal|N/A|N/A|100%
A043|Bread, raisin|N/A|N/A|100%
A044|Bread, rye|N/A|N/A|100%
A045|Bread, sweet roll|N/A|Ensaymada|100%
A046|Bread, sweet roll w/ mung bean filling|N/A|Ensaymada, may munggo|100%
A047|Bread, toasted|N/A|Toast/Tinapay, tostado|100%
A048|Bread, white, loaf|N/A|American loaf/Pan Amerikano|100%
A049|Bunuelos|N/A|N/A|100%
A050|Cake, angel food|N/A|N/A|100%
A051|Cake, banana|N/A|N/A|100%
A052|Cake, butter|N/A|N/A|100%
A053|Cake, cheese cupcake|N/A|N/A|100%
A054|Cake, chiffon|N/A|N/A|100%
A055|Cake, chocolate|N/A|N/A|100%
A056|Cake, cream-filled roll|N/A|N/A|100%
A057|Cake, fruit|N/A|N/A|100%
A058|Cake, jelly roll|N/A|Pianono|100%
A059|Cake, kababayan|N/A|N/A|100%
A060|Cake, mamon|N/A|N/A|100%
A061|Cake, mamon, toasted|N/A|N/A|100%
A062|Cake, marshmallow roll|N/A|N/A|100%
A063|Cake, mocha roll|N/A|N/A|100%
A064|Cake, pineapple roll|N/A|N/A|100%
A065|Cake, sponge|N/A|N/A|100%
A066|Chips, cheese flvr|N/A|N/A|100%
A067|Chips, corn, bbq flvr|N/A|N/A|100%
A068|Chips, corn, nacho cheese flvr|N/A|N/A|100%
A069|Chips, corn, natural flvr|N/A|N/A|100%
A070|Chips, corn-potato based, cheese flvr|N/A|N/A|100%
A071|Chips, corn, taco & bbq flvr|N/A|N/A|100%
A072|Chips, corn, taco flvr|N/A|N/A|100%
A073|Chips, fish crackers|N/A|N/A|100%
A074|Chips, fish kroepeck|N/A|N/A|100%
A075|Chips, prawn crackers|N/A|N/A|100%
A076|Chips, prawn crackers, flvrd|N/A|N/A|100%
A077|Chips, shrimp crackers|N/A|N/A|100%
A078|Chips, shrimp kroepeck|N/A|N/A|100%
A079|Chips, squid crackers|N/A|N/A|100%
A080|Chips, sticks, onion flvr|N/A|N/A|100%
A081|Chips, tortilla, bbq flvr|N/A|N/A|100%
A082|Chips, tortilla, nacho cheese flvr|N/A|N/A|100%
A083|Cookies, apas|N/A|N/A|100%
A084|Cookies, arrowroot|N/A|Uraro/Araro cookies|100%
A085|Cookies, assorted|N/A|N/A|100%
A086|Cookies, brownies|N/A|N/A|100%
A087|Cookies, butter|N/A|N/A|100%
A088|Cookies, camachili|N/A|N/A|100%
A089|Cookies, gem|N/A|Iced gem cookies|100%
A090|Cookies, jacobina special|N/A|N/A|100%
A091|Cookies, lady finger|N/A|Brohas|100%
A092|Cookies, marie|N/A|N/A|100%
A093|Cookies, ogoy-ogoy|N/A|N/A|100%
A094|Cookies, otap|N/A|N/A|100%
A095|Cookies, pasencia|N/A|Pacencia/Paciencia|100%
A096|Cookies, pili nut|N/A|N/A|100%
A097|Cookies, pilipit|N/A|N/A|100%
A098|Cookies, polvoron|N/A|N/A|100%
A099|Cookies, sandwich type, choc-filled|N/A|Biskwit, may palaman na tsokolate|100%
A100|Cookies, sandwich type, cream-filled|N/A|N/A|100%
A101|Cookies, vanilla wafer, choc-coated|N/A|N/A|100%
A102|Cookies, wafer|N/A|N/A|100%
A103|Corn flakes, enr|N/A|N/A|100%
A104|Corn pudding|N/A|Maja blanca|100%
A105|Corn pudding, w/ grtd coconut topping|N/A|Maja blanca, may niyog|100%
A106|Corn pudding, maja, yellow|N/A|Maja, mais|100%
A107|Corn pudding, maja, yellow w/ grtd coconut topping|N/A|Maja, mais, may niyog|100%
A108|Corn, fried, seasoned|N/A|Kornik|100%
A109|Corn, whole kernel, cnd|N/A|Mais butil, de lata|85%
A110|Cornstarch|N/A|N/A|100%
A111|Cracker, egg|N/A|Galyetas de patatas|100%
A112|Cracker, graham, honey-flvr|N/A|N/A|100%
A113|Cracker, plain|N/A|N/A|100%
A114|Cracker, salted|N/A|N/A|100%
A115|Cracker, salted, round|N/A|N/A|100%
A116|Cream puff|N/A|N/A|100%
A117|Curls, bbq flvr|N/A|N/A|100%
A119|Curls, cheese flvr|N/A|N/A|100%
A121|Curls, prawn flvr|N/A|N/A|100%
A122|Curls, shrimp flvr|N/A|N/A|100%
A124|Doughnut, fried, w/ sugar|N/A|Donut, prito, may asukal|100%
A125|Gurgurya|N/A|N/A|100%
A126|Hominy|N/A|Binatog|100%
A127|Hopyang baboy|N/A|N/A|100%
A128|Hopyang Hapon|N/A|N/A|100%
A129|Hopyang munggo|N/A|N/A|100%
A130|Karyoka|N/A|Carioca|100%
A131|Lohuwa, peanut|N/A|N/A|100%
A132|Lohuwa, rice|N/A|N/A|100%
A133|Lohuwa, sesame seed|N/A|N/A|100%
A134|Noodles, mung bean starch|N/A|Sotanghon|100%
A135|Noodles, mung bean starch, boiled|N/A|Sotanghon, nilaga|100%
A136|Noodles, rice, fideos|N/A|Fideos|100%
A137|Noodles, rice|N/A|Bihon|100%
A138|Noodles, rice, boiled|N/A|Bihon, nilaga|100%
A140|Noodles, wheat, canton, dry|N/A|Canton|100%
A141|Noodles, wheat, mami, fresh|N/A|Mami, sariwa|100%
A142|Noodles, wheat, inst, w/ flvr|N/A|Mami, inst, may pampalasa|100%
A143|Noodles, wheat, inst, w/ flvr, fortified|N/A|Mami, inst, may pampalasa,fortified|100%
A144|Noodles, wheat, thin|N/A|Misua/Miswa|100%
A145|Noodles, wheat, thin, boiled|N/A|Misua/Miswa, nilaga|100%
A146|Noodles, wheat, miki, dry|N/A|Miki, tuyo|100%
A147|Noodles, wheat, miki, dry, boiled|N/A|Miki, tuyo, nilaga|100%
A148|Oatmeal, instant|N/A|N/A|100%
A149|Oats, quick-cooking|N/A|N/A|100%
A150|Oats, quick-cooking, ckd|N/A|N/A|100%
A151|Pancake|N/A|Hotcake|100%
A152|Pasta, macaroni|N/A|N/A|100%
A153|Pasta, spaghetti|N/A|N/A|100%
A154|Pasta, spaghetti, boiled|N/A|N/A|100%
A155|Popcorn and peanuts, sweetn|N/A|N/A|100%
A156|Popcorn, salted|N/A|N/A|100%
A157|Popcorn, sweetn|N/A|N/A|100%
A158|Pretzel, choc-coated|N/A|N/A|100%
A159|Pretzel, sweetn|N/A|N/A|100%
A160|Pudding, pineapple|N/A|N/A|100%
A161|Pudding, raisin|N/A|N/A|100%
A162|Pudding, vanilla|N/A|N/A|100%
A163|Puffs, bbq flvr|N/A|N/A|100%
A164|Puffs, cheese flvr|N/A|N/A|100%
A165|Puffs, chicken flvr|N/A|N/A|100%
A166|Puffs, spiced|N/A|N/A|100%
A167|Rice cake (glutinous), bibingka|N/A|Bibingka, malagkit|100%
A168|Rice cake (glutinous), biko|N/A|Biko/Sinukmani|100%
A169|Rice cake (glutinous), biko, w/ grtd coconut topping|N/A|Biko/Sinukmani, may niyog|100%
A170|Rice cake (glutinous), biko, w/ purple rice|N/A|Biko, may pirurutong|100%
A171|Rice cake (glutinous), Chinese, tikoy|N/A|Tikoy|100%
A172|Rice cake (glutinous), Chinese, tikoy, w/ peanut|N/A|Tikoy, may mani|100%
A173|Rice cake, bibingka|N/A|Bibingkang galapong|100%
A174|Rice cake, bibingka, w/ cheese & coconut topping|N/A|Bibingkang galapong, may keso at niyog|100%
A175|Rice cake, puto bumbong, purple|N/A|Puto bumbong|100%
A176|Rice cake, puto, brown|N/A|Puto, brown|100%
A177|Rice cake, puto, white|N/A|Puto puti|100%
A178|Rice cake, puto, white, w/ grtd coconut topping|N/A|Puto puti, may niyog|100%
A179|Rice cake, cuchinta|N/A|Cuchinta/Kutsinta|100%
A180|Rice cake, cuchinta, w/ grtd coconut topping|N/A|Cuchinta/Kutsinta, may niyog|100%
A181|Rice flour|N/A|Arina, bigas|100%
A182|Rice flour prep, tamales|N/A|Tamales|100%
A183|Rice gruel, thin|N/A|Lugaw, malabnaw|100%
A184|Rice prep (glutinous), butse, w/ mung bean filling|N/A|Butse/Buchi, munggo|100%
A185|Rice prep (glutinous), butse, w/ sweet potato filling|N/A|Butse/Buchi, kamote|100%
A186|Rice prep (glutinous), kalamay, w/ coconut curd topping|N/A|Kalamay, may latik|100%
A187|Rice prep (glutinous), kalamay, w/ yam|N/A|Kalamay, ube|100%
A188|Rice prep (glutinous), palitaw|N/A|Palitaw|100%
A189|Rice prep (glutinous), palitaw, w/ grtd coconut & sugar|N/A|Palitaw, may niyog at asukal|100%
A190|Rice prep (glutinous), sapin-sapin|N/A|Sapin-sapin|100%
A191|Rice prep (glutinous), suman sa ibos|N/A|Suman sa ibos|100%
A192|Rice prep (glutinous), suman, lye-treated|N/A|Suman sa lihiya|100%
A193|Rice prep (glutinous), suman, w/ grtd coconut topping|N/A|Suman maruwekos, may niyog|100%
A194|Rice prep (glutinous), tupig|N/A|Tupig|100%
A195|Rice prep, espasol|N/A|Espasol|100%
A196|Rice water, ckd, thin|N/A|Am, malabnaw|100%
A197|Rice, crispies|N/A|N/A|100%
A198|Rice-bread prep, toasted, puto seko|N/A|Puto seko|100%
A199|Rice-bread prep, toasted, puto seko, w/ grtd coconut|N/A|Puto seko, may niyog|100%
A200|Spring roll wrapper, plain|N/A|Balat ng lumpia/Lumpia wrapper|100%
A201|Wheat flour, all-purpose|N/A|Arina, trigo, all-purpose|100%
A202|Wheat flour, all-purpose, enr, bleached|N/A|Arina trigo, all-purpose, enr, pinaputi|100%
A203|Wheat flour, cake flour, enr, bleached|N/A|Arina trigo, cake, enr, pinaputi|100%
A204|Instant noodles, chicken flvr, raw|N/A|N/A|100%
A205|Instant noodles, chicken flvr, ckd|N/A|N/A|100%
B001|Cassava|Manihot esculenta|Kamoteng kahoy/Balinghoy|74%
B002|Cassava, boiled|Manihot esculenta|Kamoteng kahoy/Balinghoy, nilaga|71%
B003|Cassava, yellow|Manihot esculenta|Kamoteng kahoy/Balinghoy, dilaw|85%
B004|East Indian arrowroot|Tacca leontopetaloides|Yabyaban|85%
B005|East Indian arrowroot, boiled|Tacca leontopetaloides|Yabyaban, nilaga|100%
B006|Palauan|Cyrtosperma merkusii|Galiang/Swamp taro|75%
B007|Potato|Solanum tuberosum|Patatas|85%
B008|Potato, boiled|Solanum tuberosum|Patatas, nilaga|100%
B009|Sweet potato, purple|Ipomoea batatas|Kamote, murado|77%
B010|Sweet potato, purple, boiled|Ipomoea batatas|Kamote, murado, nilaga|90%
B011|Sweet potato, white|Ipomoea batatas|Kamote, puti|89%
B012|Sweet potato, white, boiled|Ipomoea batatas|Kamote, puti, nilaga|86%
B013|Sweet potato, yellow|Ipomoea batatas|Kamote, dilaw|88%
B014|Sweet potato, yellow, boiled|Ipomoea batatas|Kamote, dilaw, nilaga|86%
B015|Taro|Colocasia esculenta|Gabi|77%
B016|Taro, boiled|Colocasia esculenta|Gabi, nilaga|69%
B017|White spot arum|Amorphophallus paeoniifolius|Pongapong|91%
B018|Yam, Luzon|Dioscorea luzonensis|Pakit/Kamangeg|77%
B019|Yam, nami|Dioscorea hispida|Nami/Asiatic bitter yam|86%
B020|Yam, purple|Dioscorea alata|Ubi/Ube|83%
B021|Yam, purple, boiled|Dioscorea alata|Ubi/Ube, nilaga|74%
B022|Yam, spiny|Dioscorea esculenta|Tugi/Lesser yam|82%
B023|Yam, spiny, boiled|Dioscorea esculenta|Tugi/Lesser yam, nilaga|97%
B024|Yautia|Xanthosoma sagittifolium|Gabing Cebu|95%
B025|Arrowroot starch|N/A|Uraro starch|100%
B026|Cassava cake, bibingka|N/A|Kamoteng kahoy, bibingka|100%
B027|Cassava flour|N/A|Kamoteng kahoy, arina|100%
B028|Cassava fritter|N/A|Kamoteng kahoy, maruya|100%
B029|Cassava pudding|N/A|Kamoteng kahoy, budin|100%
B030|Cassava, mashed, w/ sugar & marg|N/A|Kamoteng kahoy, linupak|100%
B031|Cassava, suman|N/A|Kamoteng kahoy, suman|100%
B032|East Indian arrowroot starch|N/A|Yabyaban starch|100%
B033|Potato chips, cheese flvr|N/A|N/A|100%
B034|Potato, French-fried|N/A|French fries|100%
B035|Tapioca starch ball|N/A|Sago/Tapioca pearl|100%
B036|Tapioca starch ball, boiled|N/A|Sago, nilaga/Tapioca pearl, boiled|100%
B037|Sweet potato, w/ sugar, fried|N/A|Kamote cue|100%
B038|Yam, nami, brined|N/A|Nami, inasnan|100%
B039|Yam, nami, dried|N/A|Nami, tuyo|100%
B040|Yam, purple, pudding|N/A|Ubi, maja|100%
B041|Yam, purple, pudding,w/ grtd coconut topping|N/A|Ubi, maja, may niyog|100%
B042|Yacon tuber, raw|Smallanthus sonchifolius|Peruvian ground apple|87%
B043|Sweet potato, orange|Ipomoea batatas|N/A|80%
C002|Cashew nut, roasted|Anacardium occidentale|Kasuy, binusa|85%
C003|Chestnut, roasted|Castanea|Kastanyas, binusa|75%
C004|Chickpea, dried|Cicer arietinum|Garbansos/Garbanzo, tuyo|100%
C005|Chickpea, dried, boiled|Cicer arietinum|Garbansos/Garbanzo, tuyo, nilaga|86%
C006|Coconut meat, mature|Cocos nucifera|Niyog, magulang|56%
C007|Coconut meat, very young|Cocos nucifera|Buko, malauhog|8%
C008|Coconut meat, young|Cocos nucifera|Buko, malakanin|14%
C009|Coconut sport|Cocos nucifera|Makapuno|74%
C010|Cowpea seed, dried|Vigna unguiculata|Paayap buto, tuyo|100%
C011|Davao wonder bean seed, dried|-|Mecan pea buto, tuyo|100%
C014|Coastal jack-bean seed, dried|Canavalia rosea|Pataning-dagat buto, tuyo|82%
C015|Coastal jack-bean seed, dried, boiled|Canavalia rosea|Pataning-dagat buto, tuyo, nilaga|78%
C016|Java olive seed, dried|Sterculia foetida L.|Kalumpang buto, tuyo|-
C017|Kaatoan bangkal seed, dried|Neolamarckia cadamba|N/A|100%
C018|Kidney bean seed, black, dried|Phaseolus vulgaris|Abitsuwelas buto, itim, tuyo|100%
C019|Kidney bean seed, black, dried, boiled|Phaseolus vulgaris|Abitsuwelas buto, itim, tuyo, nilaga|100%
C020|Kidney bean seed, red, dried|Phaseolus vulgaris|Abitsuwelas buto, pula, tuyo|100%
C021|Kidney bean seed, red, dried, boiled|Phaseolus vulgaris|Abitsuwelas buto, pula, tuyo, nilaga|100%
C022|Kidney bean seed, white, dried|Phaseolus vulgaris|Abitsuwelas buto, puti, tuyo|100%
C023|Kidney bean seed, white, dried, boiled|Phaseolus vulgaris|Abitsuwelas buto, puti, tuyo, nilaga|100%
C024|Lima bean seed, dried|Phaseolus lunatus|Patani buto, tuyo|100%
C025|Marang seed, dried|Artocarpus odoratissimus|Johey oak, seed|78%
C026|Marang seed, dried, boiled|Artocarpus odoratissimus|Johey oak, seed, boiled|70%
C027|Mung bean seed, green, dried|Vigna radiata var radiata|Munggo buto, berde, tuyo|100%
C028|Mung bean seed, green, dried, boiled|Vigna radiata var radiata|Munggo buto, berde, tuyo, nilaga|100%
C029|Mung bean seed, red, dried|Vigna radiata var radiata|Munggo buto, pula, tuyo|100%
C030|Mung bean seed, red, dried, boiled|Vigna radiata var radiata|Munggo buto, pula, tuyo, nilaga|100%
C031|Mung bean seed, yellow, dried|Vigna radiata var radiata|Munggo buto, dilaw, tuyo|100%
C032|Mung bean seed, yellow, dried, boiled|Vigna radiata var radiata|Munggo buto, dilaw, tuyo, nilaga|100%
C033|Negro coffee seed, dried|Senna occidentalis|Balatong aso buto, tuyo/Coffee senna seed, dried|100%
C034|Peanut w/ shell|Arachis hypogaea|Mani, may balat|67%
C035|Peanut w/ shell, boiled|Arachis hypogaea|Mani, may balat, nilaga|48%
C036|Peanut w/ skin, roasted|Arachis hypogaea|Mani, may balok, binusa|100%
C037|Peanut w/o skin|Arachis hypogaea|Mani, walang balok|100%
C038|Peanut w/o skin, roasted|Arachis hypogaea|Mani, walang balok, binusa|100%
C039|Pigeon pea seed, dried|Cajanus cajan|Kadyos buto, tuyo|100%
C040|Pigeon pea seed, dried, boiled|Cajanus cajan|Kadyos buto, tuyo, nilaga|100%
C041|Pili nut|Canarium ovatum|Pili bunga|16%
C042|Rice bean seed, dried|Vigna umbellata|Tapilan buto, tuyo|100%
C043|Sesame seed, dried|Sesamum indicum|Linga, tuyo|100%
C044|Soybean seed, dried|Glycine max|Utaw buto, tuyo|100%
C045|Soybean seed, black, dried|Glycine max|Utaw buto, itim, tuyo|100%
C046|Soybean seed, black, dried, boiled|Glycine max|Utaw buto, itim, tuyo, nilaga|100%
C047|Soybean seed, yellow, dried|Glycine max|Utaw buto, dilaw, tuyo|100%
C048|Soybean seed, yellow, dried, boiled|Glycine max|Utaw buto, dilaw, tuyo, nilaga|100%
C049|String/Yard long bean seed, dried|Vigna unguiculata ssp. sesquipedalis|Sitaw buto, tuyo|100%
C050|Velvet bean seed, dried|Mucuna pruriens|N/A|-
C051|Chickpea, cnd|N/A|Garbansos, de lata|100%
C052|Coconut chip, toasted, sweetn|N/A|N/A|100%
C053|Coconut, cream curd|N/A|Latik|100%
C054|Green pea, dried, fried & seasoned|N/A|Gisantes, tuyo, prito, tinimpla|100%
C055|Green pea, in brine, cnd|N/A|Gisantes, de lata|100%
C056|Green pea-corn-peanut mixture, fried|N/A|N/A|100%
C057|Lima bean, fried & seasoned|N/A|Patani, prito, may timpla|100%
C058|Peanut butter|N/A|N/A|100%
C059|Peanut butter, choc flvr|N/A|N/A|100%
C060|Peanut cracker|N/A|N/A|100%
C061|Soybean cheese, salted|N/A|Tahure|100%
C062|Soybean seed, black, fermented|N/A|Tausi|100%
C063|Soybean cheese, soft curd|N/A|Tofu|100%
C064|Soybean cheese, hard curd|N/A|Tokwa|100%
C065|Soybean pudding/ Geerlig's cheese|N/A|Taho/Tahu|100%
C066|Soybean pudding/Geerlig's cheese w/ syrup & tapioca starch ball|N/A|Taho/Tahu, may arnibal at sago|100%
C067|Soybean paste, miso|N/A|Miso|100%
C068|Soybean seed, yellow, cnd, drnd|N/A|Utaw, dilaw, de lata|75%
C069|Watermelon seed, dried, salted|N/A|Butong pakwan|35%
D001|American black nightshade lvs|Solanum americanum|Amti dahon|41%
D002|Apat-apat fern lvs|Marsilea crenata|Four leaves clover/Kaya-kayapuan|-
D003|Aragan lvs|Najas graminea|Ricefield waternymph|-
D004|Asystasia lvs & stems|Asystasia gangetica|Asistasia/Philippine violet|55%
D005|Aurora lvs & stems|Ipomoea triloba|Three-lobed morning glory|-
D006|Bago lvs|Gnetum gnemon|Spanish joint-fir lvs|75%
D007|Bago lvs, boiled|Gnetum gnemon|Spanish joint-fir lvs, boiled|100%
D008|Bago bagin fruit, boiled|Gnetum gnemon|Spanish joint-fir, fruit, boiled|31%
D010|Bamboo shoot|Bambusa blumeana|Labong|22%
D011|Bamboo shoot, boiled|Bambusa blumeana|Labong, nilaga|100%
D012|Banana stem|Musa x balbisiana|Ubod ng saging/Banana pith|100%
D013|Banana heart, butuan|Musa x balbisiana|Puso, saging, butuan|52%
D014|Banana heart, butuan, boiled|Musa x balbisiana|Puso, saging, butuan, nilaga|100%
D015|Bayuno fruit|Mangifera caesia|Binjai|59%
D016|Beet|Beta vulgaris|Remolacha|82%
D017|Beet, boiled|Beta vulgaris|Remolacha, nilaga|100%
D018|Bitter melon/gourd fruit|Momordica charantia|Ampalaya bunga|78%
D019|Bitter melon/gourd fruit, boiled|Momordica charantia|Ampalaya bunga, nilaga|100%
D020|Bitter melon/gourd lvs|Momordica charantia|Ampalaya dahon|42%
D021|Bitter melon/gourd lvs, boiled|Momordica charantia|Ampalaya dahon, nilaga|100%
D023|Blue pea pod|Clitoria ternatea|Pukinggan bunga/Asian pigeonwings pod|94%
D024|Borreria lvs & stems|Spermacoce laevis|Siksik parang dahon at tangkay/Slender false buttonweed|-
D025|Bottle gourd fruit|Lagenaria siceraria|Upo bunga|90%
D026|Bottle gourd fruit, boiled|Lagenaria siceraria|Upo bunga, nilaga|100%
D027|Bottle gourd lvs|Lagenaria siceraria|Upo dahon|59%
D028|Bottle gourd lvs, boiled|Lagenaria siceraria|Upo dahon, nilaga|100%
D029|Breadfruit fruit|Artocarpus altilis|Rimas bunga|71%
D030|Breadnut fruit|Artocarpus camansi|Kamansi bunga|46%
D031|Breadnut seed|Artocarpus camansi|Kamansi buto|36%
D032|Bulak-bulakan pod|Thespesia lampas|N/A|98%
D033|Busi-busi lvs|Synedrella nodiflora|N/A|-
D035|Cabbage, green|Brassica oleracea var. capitata|Repolyo, berde|63%
D036|Cabbage, green, boiled|Brassica oleracea var. capitata|Repolyo, berde, nilaga|100%
D037|Cabbage, red|Brassica oleracea var. capitata|Repolyo, pula|86%
D038|Cabbage, red, boiled|Brassica oleracea var. capitata|Repolyo, pula, nilaga|100%
D039|Carrot|Daucus carota|Karot|79%
D040|Carrot, boiled|Daucus carota|Karot, nilaga|100%
D041|Cashew, young lvs|Anacardium occidentale|Kasuy talbos|48%
D042|Cashew, young lvs, boiled|Anacardium occidentale|Kasuy talbos, nilaga|100%
D043|Cassava lvs|Manihot esculenta|Kamoteng kahoy/Balinghoy dahon|34%
D044|Cassava lvs, boiled|Manihot esculenta|Kamoteng kahoy/Balinghoy dahon, nilaga|100%
D045|Cauliflower|Brassica oleracea var. botrytis|N/A|64%
D046|Cauliflower, boiled|Brassica oleracea var. botrytis|N/A|100%
D047|Celery lvs & petioles|Apium graveolens|Baguio celery dahon at tangkay|53%
D048|Celery, Chinese, lvs & petioles|Apium graveolens var. secalinum|Kinchay dahon at tangkay/Leaf celery|76%
D049|Celery, Chinese, lvs & petioles, boiled|Apium graveolens var. secalinum|Kinchay dahon at tangkay, nilaga/Leaf celery, boiled|100%
D050|Chayote fruit|Sechium edule|Sayote bunga/Vegetable pear fruit|79%
D051|Chayote fruit, boiled|Sechium edule|Sayote bunga, nilaga/Vegetable pear fruit, boiled|100%
D052|Chayote lvs|Sechium edule|Sayote dahon/Vegetable pear lvs|35%
D053|Chayote lvs, boiled|Sechium edule|Sayote dahon, nilaga/Vegetable pear lvs, boiled|100%
D054|Chinese cabbage|Brassica pekinensis|Pechay Baguio/Napa cabbage|94%
D055|Chinese cabbage, boiled|Brassica pekinensis|Pechay Baguio, nilaga/Napa cabbage, boiled|100%
D056|Coconut cotyledon|Cocos nucifera|Niyog tumbong|99%
D057|Coconut, heart of palm|Cocos nucifera|Niyog ubod|34%
D059|Fragrant manjack lvs|Cordia dichotoma|Anonang dahon|-
D060|Coriander lvs|Coriandrum sativum|Cilantro/Wansoy dahon|84%
D061|Cowpea lvs|Vigna unguiculata|Paayap dahon|64%
D062|Cowpea lvs, boiled|Vigna unguiculata|Paayap dahon, nilaga|100%
D063|Cowpea pod|Vigna unguiculata|Paayap bunga|87%
D064|Cowpea pod, boiled|Vigna unguiculata|Paayap bunga, nilaga|100%
D065|Cowpea seed, fresh|Vigna unguiculata|Paayap buto, sariwa|28%
D066|Crown daisy lvs|Chrysanthemum coronarium|Tangó dahon/Garland chrysanthemum lvs|77%
D067|Kutcharitas lvs, green|Alternanthera bettzickiana|Calico plant lvs, green|74%
D068|Kutcharitas lvs, red|Alternanthera bettzickiana|Calico plant lvs, red|100%
D069|Cucumber|Cucumis sativus|Pipino|88%
D070|East Indian lotus fruit|Nelumbo nucifera|Baino bunga|49%
D071|East Indian lotus lvs|Nelumbo nucifera|Baino dahon|86%
D072|East Indian lotus lvs, boiled|Nelumbo nucifera|Baino dahon, nilaga|100%
D073|Eggplant|Solanum melongena|Talong/Aubergine|88%
D074|Eggplant, boiled|Solanum melongena|Talong, nilaga/Aubergine, boiled|100%
D075|Endive lvs|Cichorium endivia|Eskarola dahon|71%
D077|Flowering fern, lvs|Helminthostachys zeylanica|Tukod langit dahon/Kamraj lvs|76%
D078|Foetid cassia lvs|Senna tora|Katanda dahon|-
D079|Fragrant premna lvs|Premna odorata|Alagaw dahon|44%
D080|Fragrant premna lvs, boiled|Premna odorata|Alagaw dahon, nilaga|82%
D081|Galo fruit, whole|Anacolosa frutescens|N/A|87%
D082|Galo pulp, boiled|Anacolosa frutescens|N/A|100%
D083|Galo seed, boiled|Anacolosa frutescens|N/A|29%
D084|Garlic bulb|Allium sativum|Bawang ulo|85%
D085|Garlic lvs|Allium sativum|Bawang dahon|87%
D086|Garlic lvs, boiled|Allium sativum|Bawang dahon, nilaga|100%
D087|Garlic lvs & bulb|Allium sativum|Bawang dahon at ulo|67%
D088|Glynus lvs|Glinus oppositifolius|Sarsalida/Papait dahon|74%
D089|Guava lvs|Psidium guajava|Bayabas dahon|-
D090|Himbaba-o flower|Broussonetia luzonica|Alokon bulaklak|100%
D091|Himbaba-o flower, boiled|Broussonetia luzonica|Alokon bulaklak, nilaga|100%
D092|Himbaba-o lvs|Broussonetia luzonica|Alokon dahon|46%
D093|Himbaba-o lvs, boiled|Broussonetia luzonica|Alokon dahon, nilaga|100%
D094|Horseradish tree lvs|Moringa oleifera|Malunggay dahon/Drumstick tree lvs|50%
D095|Horseradish tree lvs, boiled|Moringa oleifera|Malunggay dahon, nilaga/ Drumstick tree lvs, boiled|100%
D096|Horseradish tree lvs, dwarf|Moringa oleifera|Malunggay dahon, unano|48%
D097|Horseradish tree lvs, dwarf, boiled|Moringa oleifera|Malunggay dahon, unano, nilaga|100%
D098|Horseradish tree lvs, Japanese|Moringa oleifera|Malunggay dahon, Hapon|29%
D099|Horseradish tree lvs, Japanese, boiled|Moringa oleifera|Malunggay dahon, Hapon, nilaga|100%
D100|Horseradish tree pod|Moringa oleifera|Malunggay bunga|49%
D101|Horseradish tree pod, boiled|Moringa oleifera|Malunggay bunga, nilaga|52%
D102|Hyacinth bean pod|Lablab purpureus|Bataw bunga|97%
D103|Hyacinth bean pod, boiled|Lablab purpureus|Bataw bunga, nilaga|100%
D104|Jackfruit fruit, unripe|Artocarpus heterophyllus|Langka bunga, hilaw|60%
D105|Jackfruit seed|Artocarpus heterophyllus|Langka buto|85%
D106|Jackfruit seed, boiled|Artocarpus heterophyllus|Langka buto, nilaga|86%
D107|Jute lvs|Corchorus olitorius|Saluyot/Pasaw dahon|51%
D108|Jute lvs, boiled|Corchorus olitorius|Saluyot/Pasaw dahon, nilaga|100%
D111|Lagikway lvs|Abelmoschus manihot|Sunset muskmallow lvs|68%
D112|Lagikway lvs, boiled|Abelmoschus manihot|Sunset muskmallow lvs, boiled|100%
D113|Chinese leek lvs|Allium tuberosum|Kutsay dahon/Chinese chives lvs|84%
D114|Chinese leek lvs, boiled|Allium tuberosum|Kutsay dahon, nilaga/Chinese chives lvs, boiled|100%
D115|Lettuce lvs & petioles|Lactuca sativa|Letsugas dahon at tangkay|79%
D116|Lettuce tree, young lvs|Pisonia grandis|Koles maluko talbos|62%
D117|Lettuce tree, young lvs, boiled|Pisonia grandis|Koles maluko talbos, nilaga|100%
D118|Lima bean pod|Phaseolus lunatus|Patani bunga|43%
D119|Lima bean pod, boiled|Phaseolus lunatus|Patani bunga, nilaga|46%
D120|Limang sugat, young lvs|Pseuderanthemum bicolor|N/A|100%
D121|Malabar nightshade lvs|Basella alba|Alugbati dahon/Spinach vine lvs|59%
D122|Malabar nightshade lvs, boiled|Basella alba|Alugbati dahon, nilaga|100%
D123|Malibaddu|Syzygium lineatum|Lubeg|79%
D124|Mango, young lvs|Mangifera indica|Mangga talbos|64%
D125|Mango, young lvs, boiled|Mangifera indica|Mangga talbos, nilaga|100%
D126|Marrow-stem kale lvs and stems|Brassica oleracea var. medullosa|Kales dahon at tangkay|71%
D127|Mexican lilac flower|Gliricidia sepium|Kakawati bulaklak|85%
D128|Mexican lilac flowers, boiled|Gliricidia sepium|Kakawati bulaklak, nilaga|100%
D129|Morning glory lvs|Ipomoea alba|Malakamote dahon|-
D130|Mung bean seed, fresh|Vigna radiata var radiata|Munggo buto, sariwa|40%
D131|Mung bean sprout|Vigna radiata var radiata|Toge|91%
D132|Mung bean sprout, boiled|Vigna radiata var radiata|Toge, nilaga|100%
D133|Mushroom, fresh|Agaricus campestris|Kabuti, sariwa|94%
D134|Mustard lvs|Brassica juncea|Mustasa dahon|89%
D135|Mustard lvs, boiled|Brassica juncea|Mustasa dahon, nilaga|100%
D137|New Zealand spinach lvs|Tetragonia tetragonioides|Ispinaka dahon|54%
D138|New Zealand spinach lvs, boiled|Tetragonia tetragonioides|Ispinaka dahon, nilaga|100%
D139|Okra|Abelmoschus esculentus|Ladyfinger|92%
D140|Okra, boiled|Abelmoschus esculentus|Ladyfinger, boiled|90%
D141|Onion, Bombay bulb|Allium cepa|Sibuyas, Bombay ulo|93%
D142|Onion, Bombay bulb, boiled|Allium cepa|Sibuyas, Bombay ulo, nilaga|100%
D143|Onion, garden shallot bulb|Allium cepa var. aggregatum|Sibuyas, Tagalog ulo|83%
D144|Onion, garden shallot bulb, boiled|Allium cepa var. aggregatum|Sibuyas, Tagalog ulo, nilaga|100%
D145|Onion, garden shallot lvs|Allium cepa var. aggregatum|Sibuyas, Tagalog, dahon|83%
D146|Onion, garden shallot lvs, boiled|Allium cepa var. aggregatum|Sibuyas, Tagalog, dahon, nilaga|100%
D147|Onion, spring|Allium cepa|Sibuyas, mura|77%
D148|Onion, spring, boiled|Allium cepa|Sibuyas, mura, nilaga|100%
D149|Pako fern lvs|Diplazium esculentum|Fiddlehead fern lvs/Vegetable fern lvs|30%
D150|Pako fern lvs, boiled|Diplazium esculentum|Fiddlehead fern lvs, boiled|100%
D151|Palm-like fig, young lvs|Ficus pseudopalma|Philippine fig, young lvs/Lubi-lubi talbos|42%
D152|Palm-like fig, young lvs, boiled|Ficus pseudopalma|Philippine fig, young lvs, boiled/Lubi-lubi talbos, nilaga|100%
D153|Pansit-pansitan|Peperomia pellucida|Olasiman-bato|68%
D154|Papaya fruit, unripe|Carica papaya|N/A|64%
D155|Papaya, young lvs|Carica papaya|N/A|78%
D156|Papaya, young lvs, boiled|Carica papaya|N/A|100%
D157|Papaya petioles|Carica papaya|N/A|82%
D158|Papaya petioles, boiled|Carica papaya|N/A|100%
D159|Parsley lvs|Petroselinum crispum|N/A|65%
D160|Pechay lvs|Brassica chinensis|Petsay dahon|93%
D161|Pechay lvs, boiled|Brassica chinensis|Petsay dahon, nilaga|100%
D162|Pechay petioles|Brassica chinensis|Petsay tangkay|81%
D163|Pechay petioles, boiled|Brassica chinensis|Petsay tangkay, nilaga|100%
D164|Pepper, chili fruit|Capsicum frutescens|Sili, labuyo, bunga|89%
D165|Pepper, chili lvs|Capsicum frutescens|Sili, labuyo, dahon|42%
D166|Pepper, chili lvs, boiled|Capsicum frutescens|Sili, labuyo, dahon, nilaga|100%
D167|Pepper, sweet/bell long, green|Capsicum annuum var. annuum|Sili, sweet/bell, mahaba, berde|95%
D168|Pepper, sweet/bell, long, green, boiled|Capsicum annuum var. annuum|Sili, sweet/bell, mahaba, berde, nilaga|71%
D169|Pepper, sweet/bell, long, red|Capsicum annuum var. annuum|Sili, sweet/bell, mahaba, pula|95%
D170|Pepper, sweet/bell, round, green|Capsicum annuum var. annuum|Sili, sweet/bell, bilog, berde|82%
D171|Pepper, sweet/bell, round, green, boiled|Capsicum annuum var. annuum|Sili, sweet/bell, bilog, berde, nilaga|74%
D172|Pepper, sweet/bell, round, red|Capsicum annuum var. annuum|Sili, sweet/bell, bilog, pula|85%
D173|Philippine spinach lvs|Talinum triangulare|Talinum dahon/Ceylon spinach lvs|66%
D174|Philippine spinach lvs, boiled|Talinum triangulare|Talinum dahon, nilaga/Ceylon spinach lvs, boiled|100%
D175|Pigeon pea pod|Cajanus cajan|Kadyos bunga|54%
D176|Pigeon pea pod, boiled|Cajanus cajan|Kadyos bunga, nilaga|100%
D177|Pigeon pea seed, fresh|Cajanus cajan|Kadyos buto, sariwa|100%
D178|Malabar bauhinia lvs|Piliostigma malabaricum|Alibangbang/Alambangbang dahon|83%
D179|Prickly chaff-flower, lvs|Achyranthes aspera|Lupo-lupo/Hangod|72%
D180|Purslane lvs|Portulaca oleracea|Olasiman dahon|46%
D181|Purslane lvs, boiled|Portulaca oleracea|Olasiman dahon, nilaga|100%
D182|Racaba lvs|Alternanthera sessilis|Bunga-bunga dahon/Dwarf copperleaf lvs|-
D183|Radish|Raphanus sativus|Labanos/Rabanos, lamang ugat|82%
D184|Radish, boiled|Raphanus sativus|Labanos/Rabanos, lamang ugat, nilaga|100%
D185|Radish, pod|Raphanus sativus|Labanos/Rabanos, bunga|87%
D186|Rhubarb, young petioles|Rheum rhabarbarum|Garden rhubarb|73%
D187|Roselle lvs|Hibiscus sabdariffa|N/A|56%
D188|Sabitan, lvs|Planchonella obovata|N/A|-
D189|Seaweed, gut weed, dried|Enteromorpha intestinalis|Bitukang manok, tuyo/Hollow green nori, dried|-
D190|Sea purslane lvs|Sesuvium portulacastrum|Dampalit dahon|87%
D191|Sea purslane lvs, boiled|Sesuvium portulacastrum|Dampalit dahon, nilaga|100%
D192|Seaweed, balbalulang|Hydroclathrus clathratus|Balbalulang/Balbalolang|100%
D193|Seaweed, gamet, dried|Porphyra sp.|Gamet, tuyo|100%
D194|Seaweed, kawkawayan|Gracilaria verrucosa|Kawkawayan/Gulaman dagat/Ceylon moss seaweed|100%
D195|Seaweed, kulot|Laurencia sp.|Kulot|87%
D196|Seaweed, lato|Caulerpa racemosa|Lato|100%
D198|Seaweed, pokpoklo|Codium intricatum Okamura|Pokpoklo|100%
D199|Sesbania flower|Sesbania grandiflora|Katuray bulaklak|55%
D200|Sesbania flower, boiled|Sesbania grandiflora|Katuray bulaklak, nilaga|100%
D201|Sesbania lvs|Sesbania grandiflora|Katuray dahon|49%
D202|Sesbania lvs, boiled|Sesbania grandiflora|Katuray dahon, nilaga|100%
D203|Slender/Spineless amaranth lvs|Amaranthus viridis|Kulitis dahon|71%
D204|Slender/Spineless amaranth lvs, boiled|Amaranthus viridis|Kulitis dahon, nilaga|100%
D205|Snake gourd fruit|Trichosanthes cucumerina var. anguina|Pakupis bunga|86%
D206|Snap bean pod, green|Phaseolus vulgaris|Abitsuwelas/Baguio beans bunga, berde|96%
D207|Snap bean pod, green, boiled|Phaseolus vulgaris|Abitsuwelas/Baguio beans bunga, berde, nilaga|100%
D208|Snap bean pod, white|Phaseolus vulgaris|Abitsuwelas/Baguio beans bunga, puti|94%
D209|Snap bean pod, white, boiled|Phaseolus vulgaris|Abitsuwelas/Baguio beans bunga, puti, nilaga|100%
D210|Snap bean seed, black & brown, fresh|Phaseolus vulgaris|Abitsuwelas/Baguio beans buto, kulay kape, sariwa|100%
D211|Snow/Sugar pea pod|Pisum sativum var. macrocarpon|Sitsaro|93%
D212|Snow/Sugar pea pod, boiled|Pisum sativum var. macrocarpon|Sitsaro, nilaga|100%
D213|Soybean seed, fresh|Glycine max|Utaw buto, sariwa|54%
D214|Soybean seed, fresh, boiled|Glycine max|Utaw buto, sariwa, nilaga|100%
D215|Spanish plum, young lvs|Spondias purpurea|Siniguelas talbos|81%
D216|Spanish plum, young lvs, boiled|Spondias purpurea|Siniguelas talbos, nilaga|100%
D217|Spiny pigweed/Thorny amaranth lvs|Amaranthus spinosus|Uray dahon|17%
D218|Spiny pigweed/Thorny amaranth lvs, boiled|Amaranthus spinosus|Uray dahon, nilaga|100%
D219|Sponge gourd fruit|Luffa cyclindrica|Patola bunga|84%
D220|Sponge gourd fruit, boiled|Luffa cyclindrica|Patola bunga, nilaga|100%
D221|Sponge gourd lvs|Luffa cyclindrica|Patola dahon|48%
D222|Sponge gourd lvs, boiled|Luffa cyclindrica|Patola dahon, nilaga|100%
D223|Squash flower|Cucurbita maxima|Kalabasa bulaklak|63%
D224|Squash flower, boiled|Cucurbita maxima|Kalabasa bulaklak, nilaga|100%
D225|Squash fruit|Cucurbita maxima|Kalabasa bunga|77%
D226|Squash fruit, boiled|Cucurbita maxima|Kalabasa bunga, nilaga|100%
D227|Squash lvs|Cucurbita maxima|Kalabasa dahon|47%
D228|Squash lvs, boiled|Cucurbita maxima|Kalabasa dahon, nilaga|100%
D229|Squash, summer fruit|Cucurbita moschata|Kalabasa bunga, puti|82%
D230|String/Yard long bean lvs|Vigna unguiculata ssp. sesquipedalis|Sitaw talbos|54%
D231|String/Yard long bean lvs, boiled|Vigna unguiculata ssp. sesquipedalis|Sitaw talbos, nilaga|100%
D232|String/Yard long bean pod, green|Vigna unguiculata ssp. sesquipedalis|Sitaw bunga, berde|95%
D233|String/Yard long bean pod, green, boiled|Vigna unguiculata ssp. sesquipedalis|Sitaw bunga, berde, nilaga|100%
D234|String/Yard long bean pod, red|Vigna unguiculata ssp. sesquipedalis|Sitaw bunga, pula|92%
D235|String/Yard long bean pod, red, boiled|Vigna unguiculata ssp. sesquipedalis|Sitaw bunga, pula, nilaga|100%
D236|String/Yard long bean pod, white|Vigna unguiculata ssp. sesquipedalis|Sitaw bunga, puti|95%
D237|String/Yard long bean pod, white, boiled|Vigna unguiculata ssp. sesquipedalis|Sitaw bunga, puti, nilaga|100%
D238|String/Yard long bean seed, green, fresh|Vigna unguiculata ssp. sesquipedalis|Sitaw buto, berde, sariwa|100%
D239|String/Yard long bean seed, green, fresh, boiled|Vigna unguiculata ssp. sesquipedalis|Sitaw buto, berde, sariwa, nilaga|100%
D240|Sugar palm, heart of palm|Arenga pinnata|Kaong ubod|85%
D241|Swamp amaranth lvs|Alternanthera paronychioides|Lupo dahon|-
D242|Swamp cabbage lvs|Ipomoea aquatica|Kangkong dahon/Water spinach lvs|59%
D243|Swamp cabbage lvs, boiled|Ipomoea aquatica|Kangkong dahon, nilaga/Water spinach lvs, boiled|100%
D244|Sweet potato lvs|Ipomoea batatas|Kamote dahon|34%
D245|Sweet potato lvs, boiled|Ipomoea batatas|Kamote dahon, nilaga|100%
D246|Sweet potato lvs, purple|Ipomoea batatas|Kamote dahon, murado|59%
D247|Sweet potato lvs, purple, boiled|Ipomoea batatas|Kamote dahon, murado, nilaga|38%
D248|Tamarind flower|Tamarindus indica|Sampalok bulaklak|78%
D249|Tamarind lvs|Tamarindus indica|Sampalok dahon|81%
D250|Tamarind lvs, boiled|Tamarindus indica|Sampalok dahon, nilaga|100%
D251|Ivy gourd lvs|Coccinia grandis|Tamling dahon|48%
D252|Ivy gourd lvs, boiled|Coccinia grandis|Tamling dahon, nilaga|100%
D253|Taro lvs|Colocasia esculenta|Gabi dahon|55%
D254|Taro lvs, boiled|Colocasia esculenta|Gabi dahon, nilaga|100%
D255|Taro petioles|Colocasia esculenta|Gabi tangkay|84%
D256|Taro petioles, boiled|Colocasia esculenta|Gabi tangkay, nilaga|100%
D257|Tomato|Lycopersicon esculentum|Kamatis|99%
D258|Tomato, boiled|Lycopersicon esculentum|Kamatis, nilaga|98%
D259|Tomato, Spanish, ripe|Lycopersicon esculentum|Kamatis, Kastila, hinog|100%
D260|Yam bean|Pachyrhizus erosus|Singkamas lamang-ugat/Jicama|87%
D261|Yam bean, pod|Pachyrhizus erosus|Singkamas bunga|90%
D263|Water caltrop, boiled|Trapa natans|Sungay kalabaw, nilaga/Bullnut, boiled|44%
D264|Water chestnut|Eleocharis dulcis|Apulid lamang-ugat|63%
D265|Water chestnut, boiled|Eleocharis dulcis|Apulid lamang-ugat, nilaga|60%
D268|Watercress|Nasturtium officinale|Tonghoy|49%
D269|Wax gourd fruit|Benincasa hispida|Kundol bunga|77%
D270|Wax gourd fruit, boiled|Benincasa hispida|Kundol bunga, nilaga|100%
D271|Wild ginger|Zingiber zerumbet|Tumbong aso/Bitter ginger|72%
D272|Winged bean pod|Psophocarpus tetragonolobus|Sigarilyas/Kalamismis, bunga|97%
D273|Winged bean pod, boiled|Psophocarpus tetragonolobus|Sigarilyas/Kalamismis bunga, nilaga|100%
D274|Asparagus, cnd|N/A|N/A|100%
D275|Bamboo shoot, cnd|N/A|Labong, de lata|100%
D276|Bamboo shoot, dried|N/A|Labong, tuyo|100%
D277|Black wood ear mushroom, dried|Auricularia auricula-judae|Tengang daga, tuyo|100%
D278|Cucumber, salted, cnd|N/A|Pipino, inasnan, de lata|100%
D279|Mushroom, cnd|N/A|Kabuti, de lata|100%
D280|Mushroom, dried|N/A|Kabuti, tuyo|100%
D281|Mustard lvs, pickled|N/A|Mustasa dahon, buro|84%
D282|Mustard lvs, salted|N/A|Mustasa dahon, inasnan|100%
D283|Olive, green, in brine|Olea europaea L.|Aseytuna, berde|70%
D284|Olive, ripe, in brine|N/A|Aseytuna, hinog|78%
D285|Papaya fruit, unripe, dried|N/A|Papaya bunga, hilaw, tuyo|100%
D286|Pickle relish|N/A|N/A|100%
D287|Pickles, mixed|N/A|N/A|100%
D288|Pickles, papaya|N/A|Atsara, papaya|100%
D289|Pickles, whole, gherkins|N/A|N/A|100%
D290|Pimiento, cnd|N/A|N/A|100%
D292|Radish, salted, cnd|N/A|Labanos, inasnan, de lata|100%
D293|Taro lvs, dried|N/A|Gabi dahon, tuyo|-
D294|Bagbagkong flower, raw|Telosma procumbens|Sabidukong/Latok|74%
D295|Batwan, immature fruit, raw|Garcinia binucao|Binucao/Binukaw|98%
D296|Bitter melon/gourd, wild, fruit, raw|Momordica charantia|Ampalayang ligaw|74%
D297|Malunggay leaves powder, dry|N/A|N/A|100%
D298|Mangrove apple, raw|Sonneratia caseolaris|Bakawan bunga|87%
D299|Ivy gourd, immature fruit, raw|Coccinia grandis|Tamling bunga|96%
D300|Basil, sweet, fresh|Ocimum basilicum|N/A|-
D301|Libas, mature lvs|Spondias pinnata|Common hog plum lvs, mature|-
D302|Libas, young lvs|Spondias pinnata|Common hog plum lvs, young|-
D303|Thyme, fresh|Thymus vulgaris|N/A|63%
E001|Apple, green|Malus domestica|Mansanas, berde|77%
E002|Apple, red|Malus domestica|Mansanas, pula|76%
E003|Atemoya|Annona cherimola x Annona squamosa|N/A|46%
E004|Avocado, green|Persea americana|Abokado, berde|70%
E005|Avocado, red|Persea americana|Abokado, murado|68%
E006|Banana, bungulan|Musa x paradisiaca|Saging, bungulan|67%
E007|Banana, butuan|Musa x balbisiana|Saging, butuan|57%
E008|Banana, cavendish, ripe|Musa x paradisiaca|Saging, cavendish, hinog|64%
E009|Banana, cavendish, unripe|Musa x paradisiaca|Saging, cavendish, hilaw|73%
E010|Banana, gloria|Musa x paradisiaca|Saging, gloria|62%
E011|Banana, lacatan|Musa x paradisiaca|Saging, lakatan|69%
E012|Banana, latundan|Musa x paradisiaca|Saging, latundan|73%
E013|Banana, murado|Musa x paradisiaca|Saging, murado|67%
E014|Banana, saba|Musa x balbisiana|Saging, saba|57%
E015|Banana, saba, boiled|Musa x balbisiana|Saging, saba, nilaga|60%
E016|Banana, ternate|Musa x paradisiaca|Saging, ternate|64%
E017|Banana, tuldok|Musa x paradisiaca|Saging, tuldok/tindok/tandok|76%
E018|Bignay|Antidesma bunius|Bugnay/Salamander tree fruit|67%
E019|Bilimbi|Averrhoa bilimbi|Kamyas/Kamias/Kalamyas|100%
E020|Black/Java plum|Syzygium cumini|Duhat/Jambolan|75%
E021|Barbados gooseberry|Pereskia aculeata|N/A|46%
E022|Buri palm|Corypha utan|Buli|16%
E023|Calamansi/Philippine lemon|X Citrofortunella microcarpa|Kalamansi/Calamondin|38%
E024|Canistel|Pouteria campechiana|Tiesa/Eggfruit|73%
E025|Cashew fruit|Anacardium occidentale|Kasuy bunga|90%
E026|Java apple|Syzygium samarangense|Makopa/Wax jambu/Wax apple|80%
E027|Custard apple|Annona reticulata|Anonas/Bullock's heart|55%
E028|Durian|Durio zibethinus|N/A|20%
E029|Velvet apple|Diospyros blancoi|Mabolo|60%
E030|Grape|Vitis vinifera|Ubas|80%
E031|Guava, red|Psidium guajava|Bayabas, pula|99%
E032|Guava, white|Psidium guajava|Bayabas, puti|99%
E033|Jackfruit|Artocarpus heterophyllus|Langka/Nangka|34%
E034|Johey oak|Artocarpus odoratissimus|Marang|29%
E035|Jamaica cherry|Muntingia calabura|Datiles/Aratiles|82%
E036|Jujube Indian/Chinese date|Ziziphus jujuba|Mansanitas|91%
E037|Kaffir lime|Citrus hystrix|Kabuyaw|31%
E038|Kalumpit|Terminalia microcarpa|Batangas cherry|67%
E039|Lanzon|Lansium domesticum|Lansones/Langsat|68%
E040|Lemon|Citrus limon|Limon|50%
E041|Lemon peel|Citrus limon|Limon, balat|100%
E042|Lime|Citrus aurantiifolia|Dayap/Key lime|59%
E043|Lime peel|Citrus aurantiifolia|Dayap, balat|100%
E044|Lipoti|Syzygium polycephaloides|Lipote/Igot|83%
E045|Lychee/Litchi|Litchi chinensis|Lechiyas/Litsiyas|65%
E046|Madras thorn|Pithecellobium dulce|Camachile/Kamatsile/Manila tamarind|50%
E047|Malay apple|Syzygium malaccense|Yambo|68%
E048|Malay gooseberry|Phyllanthus acidus|Iba/Karmay/Bangkiling/Tahitian gooseberry|91%
E049|Mango, Indian, unripe|Mangifera indica|Mangga, Indiyan, hilaw|57%
E050|Mango, Manila super, medium ripe|Mangifera indica|Mangga, kalabaw, manibalang|72%
E051|Mango, Manila super, ripe|Mangifera indica|Mangga, kalabaw, hinog|67%
E052|Mango, Manila super, unripe|Mangifera indica|Mangga, kalabaw, hilaw|72%
E053|Mango, paho, unripe|Mangifera altissima|Mangga, paho/pahutan, hilaw|76%
E054|Mango, piko, medium ripe|Mangifera indica|Mangga, piko, manibalang|71%
E055|Mango, piko, ripe|Mangifera indica|Mangga, piko, hinog|58%
E056|Mango, piko, unripe|Mangifera indica|Mangga, piko, hilaw|73%
E057|Mango, supsupin, ripe|Mangifera indica|Mangga, supsupin, hinog|53%
E058|Mangosteen|Garcinia mangostana|N/A|26%
E059|Many-spiked flacourtia|Flacourtia indica|Seryale/Bitangol/Governor's Plum|39%
E060|Marmalade plum|Pouteria sapota|Chico-mamey|73%
E061|Melon|Cucumis melo|Milon|68%
E062|Melon, honey dew|Cucumis melo|N/A|84%
E064|Melon, watermelon|Citrullus lanatus|Pakwan|62%
E065|Orange, Ladu|Citrus reticulata|Dalandan, Ladu|45%
E066|Orange, Szinkom|Citrus reticulata|Dalandan, Szinkom|46%
E068|Papaya fruit, medium ripe|Carica papaya|N/A|83%
E069|Papaya fruit, ripe|Carica papaya|N/A|64%
E070|Pear|Pyrus communis|Peras|73%
E071|Persimmon, kaki|Diospyros kaki|Asian persimmon|57%
E072|Philippine dillenia|Dillenia philippinensis|Katmon|40%
E073|Pineapple|Ananas comosus|Pinya|58%
E074|Pomegranate|Punica granatum|Granada|44%
E075|Pomelo|Citrus maxima|Suha/Lukban|64%
E076|Rambutan|Nephelium lappaceum|N/A|36%
E077|Rattan fruit|Calamus ornatus var. philippinensis|Alimuran|42%
E078|Santol|Sandoricum koetjape|Cotton fruit|59%
E079|Sapodilla|Manilkara zapota|Chico|84%
E080|Sapote|Diospyros ebenum|Ebony persimmon|72%
E081|Stinking passion flower fruit|Passiflora foetida|Pasionaryang mabaho|50%
E082|Stinking passion flower juice|Passiflora foetida|Pasionaryang mabaho, katas|100%
E083|Soursop|Annona muricata|Guyabano|70%
E084|Spanish plum|Spondias purpurea|Siniguwelas|64%
E085|Star apple, green|Chrysophyllum cainito|Kaymito, berde|53%
E086|Star apple, purple|Chrysophyllum cainito|Kaymito, murado|63%
E087|Starfruit|Averrhoa carambola|Balimbing|88%
E088|Strawberry|Fragaria × ananassa Duchesne|N/A|98%
E089|Sugar apple/Sweetsop|Annona squamosa|Atis|50%
E090|Sugar palm|Arenga pinnata|Kaong|100%
E091|Sugar palm, boiled|Arenga pinnata|Kaong, nilaga|100%
E092|Susong-kalabaw|Uvaria rufa|Carabao's teats|43%
E093|Tamarind, ripe|Tamarindus indica|Sampalok, hinog|44%
E094|Tamarind, unripe|Tamarindus indica|Sampalok, hilaw|40%
E095|Tamarind, unripe, boiled|Tamarindus indica|Sampalok, hilaw, nilaga|100%
E096|Banana chips, salted|N/A|N/A|100%
E097|Banana chips, sweetn|N/A|N/A|100%
E098|Banana cracker, sweetn|N/A|N/A|100%
E099|Banana fritter|N/A|Maruya, saging|100%
E100|Banana, saba, mashed, w/ sugar & marg|N/A|Linupak, saging saba|100%
E101|Banana, saba, w/ sugar, fried|N/A|Banana cue|100%
E102|Banana, saba, w/ sugar, wrapped, fried|N/A|Turon, saging saba|100%
E103|Bilimbi, pickled|N/A|Kamias, buro|100%
E104|Cherry, in syrup, drnd|N/A|N/A|65%
E105|Date, dried|N/A|N/A|100%
E106|Dikyam|N/A|N/A|100%
E107|Fruit cocktail, tropical, in syrup, cnd|N/A|N/A|100%
E108|Jujube Indian/Chinese date, dried|N/A|Mansanitas, tuyo|93%
E109|Mango chips, dried|N/A|N/A|100%
E110|Peach, in heavy syrup, cnd|N/A|Milokoton, hiniwa, may arnibal, nakalata|100%
E113|Pineapple, crushed, cnd|N/A|N/A|100%
E114|Pineapple, slice, cnd|N/A|N/A|100%
E115|Prune|N/A|N/A|100%
E116|Raisin|N/A|Pasas|100%
E117|Dragon fruit|Hylocereus undatus|Pitaya|63%
E118|Kandis, flesh|Garcinia lateriflora|N/A|44%
E119|Kandis, pulp|Garcinia lateriflora|N/A|40%
E120|Libas fruit, ripe|Spondias pinnata|Common hog plum fruit, ripe|22%
E121|Libas fruit, unripe|Spondias pinnata|Common hog plum fruit, unripe|80%
E122|Maraitum|Nephelium sp.|N/A|19%
E123|Palau-biyok|Willughbeia sp.|N/A|23%
E124|Sapinit|Rubus moluccanus|Wild raspberry|100%
E125|Tabo|Willughbeia sp.|N/A|14%
F001|Beef blood|Bos taurus|Baka dugo|100%
F002|Beef blood, bbq|Bos taurus|Baka dugo, bbq/"rambo"|100%
F003|Beef brain|Bos taurus|Baka utak|100%
F004|Beef brain, boiled|Bos taurus|Baka utak, nilaga|100%
F005|Beef brisket|Bos taurus|Baka punta y pecho|84%
F006|Beef chuck|Bos taurus|Baka paypay|94%
F007|Beef chuck, lean, boiled|Bos taurus|Baka paypay, laman, nilaga|100%
F008|Beef club steak|Bos taurus|Baka tagiliran, unahan|82%
F009|Beef flank|Bos taurus|Baka camto|100%
F010|Beef head|Bos taurus|Baka ulo|44%
F011|Beef heart|Bos taurus|Baka puso|100%
F012|Beef intestine, large|Bos taurus|Baka bitukang malaki|100%
F013|Beef intestine, small|Bos taurus|Baka bitukang maliit|100%
F014|Beef kidney|Bos taurus|Baka bato|80%
F015|Beef lean meat|Bos taurus|Baka laman|100%
F016|Beef lean meat, boiled|Bos taurus|Baka laman, nilaga|100%
F017|Beef lean meat, broiled|Bos taurus|Baka laman, inihaw|100%
F018|Beef lean meat, fried|Bos taurus|Baka laman, prito|100%
F019|Beef liver|Bos taurus|Baka atay|100%
F020|Beef liver, boiled|Bos taurus|Baka atay, nilaga|100%
F021|Beef lung|Bos taurus|Baka baga|87%
F022|Beef mammary|Bos taurus|Baka sinuso|84%
F023|Beef omasum|Bos taurus|Baka librilyo|100%
F024|Beef omasum, boiled|Bos taurus|Baka librilyo, nilaga|100%
F025|Beef plate|Bos taurus|Baka tadyang|66%
F026|Beef porterhouse steak|Bos taurus|Baka tagiliran, gitna|69%
F027|Beef reticulum|Bos taurus|Baka mansanilya|100%
F028|Beef reticulum, boiled|Bos taurus|Baka mansanilya, nilaga|100%
F029|Beef rib roast|Bos taurus|Baka kadera|64%
F030|Beef round|Bos taurus|Baka pierna corta at pierna larga|83%
F031|Beef round, boiled|Bos taurus|Baka pierna corta at pierna larga, nilaga|100%
F032|Beef round, broiled|Bos taurus|Baka pierna corta at pierna larga, inihaw|100%
F033|Beef round, fried|Bos taurus|Baka pierna corta at pierna larga, prito|100%
F034|Beef rump|Bos taurus|Baka tapadera|88%
F035|Beef shank|Bos taurus|Baka kenchi|89%
F036|Beef shank, boiled|Bos taurus|Baka kenchi, nilaga|89%
F037|Beef short rib|Bos taurus|Baka tadyang|79%
F038|Beef sirloin|Bos taurus|Baka tagiliran, hulihan|91%
F039|Beef sirloin, boiled|Bos taurus|Baka tagiliran, hulihan, nilaga|100%
F040|Beef sirloin, broiled|Bos taurus|Baka tagiliran, hulihan, inihaw|100%
F041|Beef sirloin, fried|Bos taurus|Baka tagiliran, hulihan, prito|100%
F042|Beef spleen|Bos taurus|Baka lapay|100%
F043|Beef spleen, boiled|Bos taurus|Baka lapay, nilaga|100%
F044|Beef stomach|Bos taurus|Baka sikmura|100%
F045|Beef tail|Bos taurus|Baka buntot|70%
F046|Beef tenderloin|Bos taurus|Baka solomilyo|100%
F047|Beef tongue|Bos taurus|Baka dila|86%
F048|Beef tongue, boiled|Bos taurus|Baka dila, nilaga|86%
F049|Beef tripe|Bos taurus|Baka goto|100%
F050|Beef tripe, boiled|Bos taurus|Baka goto, nilaga|100%
F051|Beef uterus|Bos taurus|Baka bahay guya|97%
F052|Carabeef blood|Bubalus bubalis|Kalabaw dugo|100%
F053|Carabeef brain|Bubalus bubalis|Kalabaw utak|100%
F054|Carabeef chuck|Bubalus bubalis|Kalabaw paypay|100%
F055|Carabeef heart|Bubalus bubalis|Kalabaw puso|100%
F056|Carabeef intestine, large|Bubalus bubalis|Kalabaw bitukang malaki|100%
F057|Carabeef intestine, small|Bubalus bubalis|Kalabaw bitukang maliit|100%
F058|Carabeef kidney|Bubalus bubalis|Kalabaw bato|100%
F059|Carabeef lean meat|Bubalus bubalis|Kalabaw laman|100%
F060|Carabeef lean meat, boiled|Bubalus bubalis|Kalabaw laman, nilaga|88%
F061|Carabeef liver|Bubalus bubalis|Kalabaw atay|100%
F062|Carabeef lung|Bubalus bubalis|Kalabaw baga|100%
F063|Carabeef omasum|Bubalus bubalis|Kalabaw librilyo|81%
F064|Carabeef reticulum|Bubalus bubalis|Kalabaw mansanilya|100%
F065|Carabeef round|Bubalus bubalis|Kalabaw hita|96%
F066|Carabeef round steak|Bubalus bubalis|Kalabaw pierna corta at pierna larga|83%
F067|Carabeef rump|Bubalus bubalis|Kalabaw tapadera|100%
F068|Carabeef shank|Bubalus bubalis|Kalabaw kenchi|44%
F069|Carabeef spleen|Bubalus bubalis|Kalabaw lapay|100%
F070|Carabeef stomach|Bubalus bubalis|Kalabaw sikmura|100%
F071|Carabeef w/ fat|Bubalus bubalis|Kalabaw laman, may taba|86%
F072|Carabeef w/ fat, boiled|Bubalus bubalis|Kalabaw laman, may taba, nilaga|100%
F075|Chevon back|Capra hircus|Kambing likod|-
F076|Chevon breast|Capra hircus|Kambing dibdib|-
F077|Chevon flank|Capra hircus|Kambing tiyan|100%
F078|Chevon heart|Capra hircus|Kambing puso|100%
F079|Chevon intestine, small|Capra hircus|Kambing bitukang maliit|100%
F080|Chevon kidney|Capra hircus|Kambing bato|100%
F081|Chevon leg|Capra hircus|Kambing hita at binti|-
F082|Chevon liver|Capra hircus|Kambing atay|100%
F083|Chevon loin|Capra hircus|Kambing lomo|100%
F084|Chevon lung|Capra hircus|Kambing baga|100%
F085|Chevon neck|Capra hircus|Kambing leeg|-
F086|Chevon rib|Capra hircus|Kambing tadyang|-
F087|Chevon shank|Capra hircus|Kambing biyas|-
F088|Chevon shoulder|Capra hircus|Kambing balikat|-
F089|Chevon stomach|Capra hircus|Kambing sikmura|100%
F090|Chick, one-day old, fried|Gallus gallus|N/A|100%
F091|Chicken back|Gallus gallus|Manok likod|45%
F092|Chicken blood|Gallus gallus|Manok dugo|100%
F093|Chicken breast|Gallus gallus|Manok pitso|84%
F094|Chicken feet|Gallus gallus|Manok paa|34%
F095|Chicken feet, bbq|Gallus gallus|Manok paa, bbq/"adidas"|55%
F096|Chicken gizzard|Gallus gallus|Manok balun-balunan|100%
F097|Chicken head|Gallus gallus|Manok ulo|61%
F098|Chicken head, bbq|Gallus gallus|Manok ulo, bbq/"helmet"|64%
F099|Chicken heart|Gallus gallus|Manok puso|100%
F100|Chicken intestine|Gallus gallus|Manok bituka|41%
F101|Chicken intestine, bbq|Gallus gallus|Manok bituka, bbq/"IUD"/Isaw manok|100%
F102|Chicken leg/drumstick|Gallus gallus|Manok binti|85%
F103|Chicken liver|Gallus gallus|Manok atay|100%
F104|Chicken neck|Gallus gallus|Manok leeg|48%
F105|Chicken pullet, breast|Gallus gallus|Manok dumalaga, pitso|85%
F106|Chicken pullet, thigh|Gallus gallus|Manok dumalaga, hita|74%
F107|Chicken thigh|Gallus gallus|Manok hita|66%
F108|Chicken thigh & leg|Gallus gallus|Manok hita at binti|74%
F109|Chicken wing|Gallus gallus|Manok pakpak|62%
F110|Chicken white meat|Gallus gallus|Manok laman|70%
F111|Chicken, white meat, boiled|Gallus gallus|Manok laman, nilaga|72%
F112|Chicken, white meat, fried|Gallus gallus|Manok laman, prito|70%
F113|Chicken, whole|Gallus gallus|Manok buo|60%
F116|Duck back|Cairina moschata|Pato likod|47%
F117|Duck blood|Cairina moschata|Pato dugo|100%
F118|Duck breast|Cairina moschata|Pato pitso|71%
F119|Duck gizzard|Cairina moschata|Pato balun-balunan|100%
F120|Duck liver|Cairina moschata|Pato atay|100%
F121|Duck thigh|Cairina moschata|Pato hita|71%
F122|Duck wing|Cairina moschata|Pato pakpak|54%
F123|Duck, wild, breast|Dendrocygna arcuata|Baliwis pitso|-
F124|Duck, wild, thigh|Dendrocygna arcuata|Baliwis hita|-
F125|Frog meat|Fejervarya vittigera|Palaka laman|31%
F126|Goose breast|Anser cygnoides|Gansa dibdib|72%
F127|Goose thigh|Anser cygnoides|Gansa hita|71%
F128|Lamb flank|Ovis aries|Tupa tiyan|100%
F129|Lamb foreshank|Ovis aries|Tupa biyas, harapan|48%
F130|Lamb hind shank|Ovis aries|Tupa biyas, likod|48%
F131|Lamb liver|Ovis aries|Tupa atay|100%
F132|Lamb loin|Ovis aries|Tupa lomo|100%
F133|Lamb lung|Ovis aries|Tupa baga|100%
F134|Lamb neck|Ovis aries|Tupa leeg|47%
F135|Lamb riblet|Ovis aries|Tupa tadyang|-
F136|Lamb roast/back|Ovis aries|Tupa likod|-
F137|Lamb shoulder|Ovis aries|Tupa balikat|55%
F139|Moor hen breast|Gallinula chloropus|Ulok pitso|-
F140|Moor hen gizzard|Gallinula chloropus|Ulok balun-balunan|100%
F141|Moor hen liver|Gallinula chloropus|Ulok atay|100%
F142|Moor hen thigh|Gallinula chloropus|Ulok hita|-
F143|Pigeon breast|Columba livia|Kalapati pitso|-
F144|Pigeon thigh|Columba livia|Kalapati hita|-
F145|Pigeon, squab/young meat|Columba livia|Kalapati pitson|-
F146|Pork back fat|Sus scrofa scrofa|Baboy taba sa likod|94%
F147|Pork belly|Sus scrofa scrofa|Baboy liempo|97%
F148|Pork belly, broiled|Sus scrofa scrofa|Baboy liempo, inihaw|93%
F149|Pork belly, fried|Sus scrofa scrofa|Baboy liempo, prito|86%
F151|Pork belly, boiled|Sus scrofa scrofa|Baboy liempo, nilaga|96%
F152|Pork blood|Sus scrofa scrofa|Baboy dugo|100%
F153|Pork Boston butt|Sus scrofa scrofa|Baboy paypay|97%
F154|Pork Boston butt, boiled|Sus scrofa scrofa|Baboy paypay, nilaga|-
F155|Pork Boston butt, broiled|Sus scrofa scrofa|Baboy paypay, inihaw|-
F156|Pork Boston butt, fried|Sus scrofa scrofa|Baboy paypay, prito|-
F157|Pork Boston butt, lean|Sus scrofa scrofa|Baboy paypay, laman|100%
F158|Pork Boston butt, lean, boiled|Sus scrofa scrofa|Baboy paypay, laman, nilaga|100%
F159|Pork Boston butt, lean, broiled|Sus scrofa scrofa|Baboy paypay, laman, inihaw|100%
F160|Pork Boston butt, lean, fried|Sus scrofa scrofa|Baboy paypay, laman, prito|100%
F161|Pork center loin|Sus scrofa scrofa|Baboy tagiliran, laman|100%
F162|Pork chop|Sus scrofa scrofa|Baboy kostillas|82%
F163|Pork ear|Sus scrofa scrofa|Baboy tenga|100%
F164|Pork ear, bbq|Sus scrofa scrofa|Baboy tenga, bbq/"walkman"|100%
F165|Pork ham|Sus scrofa scrofa|Baboy pigi/pigue|100%
F166|Pork head|Sus scrofa scrofa|Baboy ulo|60%
F167|Pork heart|Sus scrofa scrofa|Baboy puso|100%
F168|Pork intestine, large|Sus scrofa scrofa|Baboy bitukang malaki|100%
F169|Pork intestine, small|Sus scrofa scrofa|Baboy bitukang maliit|100%
F170|Pork intestine, small, bbq|Sus scrofa scrofa|Baboy bitukang maliit, bbq/Isaw baboy|100%
F171|Pork kidney|Sus scrofa scrofa|Baboy bato|80%
F172|Pork kidney, boiled|Sus scrofa scrofa|Baboy bato, nilaga|100%
F173|Pork leg|Sus scrofa scrofa|Baboy pata|58%
F174|Pork liver|Sus scrofa scrofa|Baboy atay|100%
F175|Pork liver, boiled|Sus scrofa scrofa|Baboy atay, nilaga|100%
F176|Pork liver, broiled|Sus scrofa scrofa|Baboy atay, inihaw|100%
F177|Pork liver, fried|Sus scrofa scrofa|Baboy atay, prito|100%
F178|Pork lung|Sus scrofa scrofa|Baboy baga|100%
F179|Pork picnic|Sus scrofa scrofa|Baboy kasim|100%
F180|Pork picnic, boiled|Sus scrofa scrofa|Baboy kasim, nilaga|100%
F181|Pork skin|Sus scrofa scrofa|Baboy balat|100%
F182|Pork spare rib|Sus scrofa scrofa|Baboy tadyang|46%
F183|Pork spleen|Sus scrofa scrofa|Baboy lapay|100%
F184|Pork spleen, boiled|Sus scrofa scrofa|Baboy lapay, nilaga|100%
F185|Pork stomach|Sus scrofa scrofa|Baboy sikmura|96%
F186|Pork tail|Sus scrofa scrofa|Baboy buntot|76%
F187|Pork tenderloin|Sus scrofa scrofa|Baboy lomo|100%
F188|Pork tongue|Sus scrofa scrofa|Baboy dila|86%
F189|Pork uterus|Sus scrofa scrofa|Baboy bahay-guya|94%
F190|Pork, suckling, belly|Sus scrofa scrofa|Baboy litsunin, liempo|100%
F191|Pork, suckling, blood|Sus scrofa scrofa|Baboy litsunin, dugo|100%
F192|Pork, suckling, brain|Sus scrofa scrofa|Baboy litsunin, utak|100%
F193|Pork, suckling, heart|Sus scrofa scrofa|Baboy litsunin, puso|100%
F194|Pork, suckling, intestine, large|Sus scrofa scrofa|Baboy litsunin, bitukang malaki|100%
F195|Pork, suckling, intestine, small|Sus scrofa scrofa|Baboy litsunin, bitukang maliit|100%
F196|Pork, suckling, kidney|Sus scrofa scrofa|Baboy litsunin, bato|100%
F197|Pork, suckling, leg|Sus scrofa scrofa|Baboy litsunin, pata|56%
F198|Pork, suckling, liver|Sus scrofa scrofa|Baboy litsunin, atay|100%
F199|Pork, suckling, lung|Sus scrofa scrofa|Baboy litsunin, baga|100%
F200|Pork, suckling, spare rib|Sus scrofa scrofa|Baboy litsunin, tadyang|46%
F201|Pork, suckling, spleen|Sus scrofa scrofa|Baboy litsunin, lapay|100%
F202|Pork, suckling, stomach|Sus scrofa scrofa|Baboy litsunin, sikmura|100%
F203|Quail meat|Coturnix coturnix|Pugo laman|69%
F204|Rabbit liver|Oryctolagus cuniculus|Kuneho atay|100%
F205|Rabbit thigh|Oryctolagus cuniculus|Kuneho hita|-
F206|Rabbit white meat|Oryctolagus cuniculus|Kuneho laman|100%
F207|Snipe lean meat|Gallinago gallinago|Agatsona laman|100%
F208|Turkey breast|Meleagris gallopavo|Pabo pitso|-
F209|Turkey liver|Meleagris gallopavo|Pabo atay|100%
F210|Turkey thigh|Meleagris gallopavo|Pabo hita|-
F211|Venison rib|Rusa marianna|Usa tadyang|-
F212|Venison thigh|Rusa marianna|Usa hita|-
F213|Bacon|N/A|N/A|100%
F214|Beef chunk, cnd|N/A|N/A|100%
F215|Beef jerky|N/A|Tapa, baka|100%
F217|Beef spread|N/A|N/A|100%
F218|Beef, sweet cured|N/A|Tocino, baka|100%
F219|Carabeef jerky|N/A|Tapa, kalabaw|100%
F220|Chicken liver spread|N/A|N/A|100%
F221|Chicken meat ball|N/A|N/A|100%
F222|Chicken nugget|N/A|N/A|100%
F223|Sausage, chicken|N/A|Longanisa, manok|100%
F224|Chicken spread|N/A|N/A|100%
F225|Corned beef loaf|N/A|N/A|99%
F226|Corned beef, cnd|N/A|Karne norte|100%
F227|Embotido|N/A|N/A|100%
F228|Ham|N/A|Hamon|100%
F229|Ham, chopped, cnd|N/A|N/A|100%
F230|Ham, deviled spread|N/A|N/A|100%
F231|Ham, pork, sweet, chopped|N/A|N/A|100%
F232|Hamburger patty|N/A|N/A|100%
F233|Liver pate, cnd|N/A|N/A|100%
F234|Liver spread|N/A|N/A|100%
F235|Luncheon meat, cnd|N/A|N/A|100%
F236|Luncheon meat, deviled spread|N/A|N/A|100%
F237|Luncheon meat, pork & ham|N/A|N/A|100%
F238|Luncheon meat, pork, Chinese style|N/A|N/A|100%
F240|Meat loaf|N/A|N/A|100%
F241|Pork crackling, internal organ|N/A|Chicharon/Sitsaron baboy, lamang loob|100%
F242|Pork crackling, skin|N/A|Chicharon/Sitsaron baboy, balat|100%
F243|Pork jerky|N/A|Tapa, baboy|100%
F245|Pork, sweet cured|N/A|Tocino, baboy|100%
F246|Pork, sweet cured, Pampanga|N/A|Tocino, baboy, Pampanga|100%
F247|Potted meat spread, w/ cereal, cnd|N/A|N/A|100%
F248|Sausage, bologna|N/A|N/A|100%
F249|Sausage, chorizo|N/A|Longanisa, chorizo|100%
F250|Sausage, chorizo, Bilbao style|N/A|Longanisa, chorizo de Bilbao|100%
F251|Sausage, frankfurter|N/A|N/A|100%
F252|Sausage, ham|-|-|100%
F253|Sausage, hotdog|N/A|N/A|100%
F254|Sausage, hotdog, smoked|N/A|N/A|100%
F255|Sausage, hotdog, w/ cheese|N/A|Cheese dog|100%
F256|Sausage, mortadella|N/A|N/A|100%
F257|Sausage, pork|N/A|Longanisa, baboy|100%
F258|Sausage, pork & beef|N/A|Longanisa, baboy at baka|95%
F259|Sausage, pork, Chinese|N/A|Longanisa, baboy, Chinese/Chorizo de Macau|100%
F260|Sausage, salami|N/A|N/A|100%
F261|Sausage, Vienna|N/A|N/A|100%
F262|Sausage, Vienna, tidbits|N/A|N/A|100%
F263|Venison jerky|N/A|Tapa, usa|100%
F264|Chicken blood, bbq|Gallus gallus|Betamax|100%
F265|Chicken, whole, seasoned, roasted|Gallus gallus|Lechon manok|70%
F266|Chicken, whole, seasoned, roasted, skin and visible fat removed|Gallus gallus|Lechon manok, walang balat|62%
F267|Pork, bbq|Sus scrofa scrofa|Barbekyung baboy|100%
F268|Pork back, seasoned, roasted, skin and visible fat removed|Sus scrofa scrofa|Baboy likod, laman, litson|67%
F269|Pork belly, seasoned, roasted|Sus scrofa scrofa|Baboy liempo, litson|99%
F270|Pork belly, seasoned, roasted, skin and visible fat removed|Sus scrofa scrofa|Baboy liempo, litson, walang balat at taba|69%
F271|Pork skin, seasoned, roasted|Sus scrofa scrofa|Baboy balat, litson|100%
F272|Beef franks, raw|N/A|N/A|100%
F273|Sausage, pepperoni, raw|N/A|N/A|100%
G001|Abalone|Haliotis spp.|Lapas/Kapinan|67%
G002|Abalone juice|Haliotis spp.|Lapas/Kapinan katas|100%
G003|Amber fish|Seriola sp.|Tonto|54%
G004|Sinarapan|Mystichthys luzoninses|Tabios|97%
G005|Anchovy, Indian (adult)|Stolephorus indicus|Tuakang|75%
G006|Anchovy, long-jawed, w/o head|Stolephorus commersonnii|Dilis, walang ulo|100%
G007|Anchovy, long-jawed, whole|Stolephorus commersonnii|Dilis, buo|100%
G008|Barracuda, striped|Sphyraena obtusata|Turcillo|50%
G009|Butterfly fish, threadfin|Chaetodon auriga|Paru-paro|49%
G010|Fusilier, goldband|Pterocaesio chrysozona|Dalagang bukid|69%
G011|Cardinal fish|Fibramia amboinensis|Dangat|45%
G012|Carp|Cyprinus carpio|Karpa|55%
G013|Catfish, freshwater|Clarias batrachus|Hito|70%
G014|Catfish, saltwater|Arius manillensis|Kanduli|36%
G015|Cavalla, banded|Caranx sexfasciatus|Talakitok/Maliputo|48%
G016|Cavalla, banded, fried|Caranx sexfasciatus|Talakitok, prito|64%
G017|Cavalla, banded, steamed|Caranx sexfasciatus|Talakitok, pinasingawan|65%
G018|Clam, bilakong|Pharella acutidens|Bilakong|31%
G019|Clam, freshwater, tulya|Corbicula manilensis|Tulya|22%
G020|Clam, freshwater, tulya, boiled|Corbicula manilensis|Tulya, nilaga|42%
G021|Clam, halaan|Cyraeidae|Halaan|31%
G022|Clam, halaan, boiled|Cyraeidae|Halaan, nilaga|52%
G023|Clam, imbao|Anodontia edentula|Imbao|40%
G024|Clam, imbao, boiled|Anodontia edentula|Imbao, nilaga|-
G025|Clam, kabibi|Soletellina cumingiana|Kabibi|24%
G026|Clam, kanturi|Venus sp.|Kanturi|13%
G027|Clam, lukan|Cyrena ventricosa|Lukan|30%
G028|Clam, rayed shell|Gari elongata|Paros|61%
G029|Clam, razor shell|Pharella sp.|Tikhan|37%
G030|Clam, tongue|Lingula unguis|Balay|43%
G031|Clam, tongue, head, blanched|Lingula unguis|Balay, ulo, binanlian|-
G032|Clam, tongue, tail|Lingula unguis|Balay, buntot|58%
G033|Clam, venus|Circe scripta|Bigatan|8%
G034|Clam, wedge shell/bean|Donax faba|Alamis|20%
G035|Climbing perch, common|Anabas testudineus|Martiniko|44%
G036|Crab, blue swimming, fat|Portunus pelagicus|Alimasag alige|100%
G037|Crab, blue swimming, w/o fat|Portunus pelagicus|Alimasag laman|34%
G038|Crab, blue swimming, w/o fat, boiled|Portunus pelagicus|Alimasag laman, nilaga|30%
G039|Crab, mud/mangrove, fat|Scylla serrata|Alimango alige|100%
G040|Crab, mud/mangrove, w/o fat|Scylla serrata|Alimango laman|42%
G041|Crab, mud/mangrove, w/o fat, boiled|Scylla serrata|Alimango laman, nilaga|32%
G042|Crab, shore|Varuna litterata|Talangka|45%
G043|Crevalle, deep-bellied|Alepes kleinii|Salay-salay aso|56%
G044|Crevalle, even-bellied|Alepes djedaba|Salay-salay|35%
G045|Croaker, tigertooth|Otolithes ruber|Abo|47%
G046|Croaker, plain|Pennahia anea|Alakaak/Croaker, truncate-tail|49%
G047|Croaker, smooth-scaled whiskered|Johnius dussumieri|N/A|44%
G048|Drepane, speckled|Drepane punctata|Mayang|28%
G049|Eel, silver pike|Muraenesox cinereus|Pindanga|66%
G050|Eel, swamp|Ophisternon bengalense|Palos|52%
G051|Fish roe|N/A|Isda, itlog|100%
G052|Flatfish/Brill, rough-scaled|Pseudorhombus oligodon|Dapa|60%
G053|Flatfish/Brill, smooth-scaled|Pseudorhombus arsius|Dapang bilog|48%
G054|Flatfish/Turbot, Indian|Psettodes erumei|Kalangkaw|59%
G055|Flathead, Indian|Platycephalus indicus|Sunog|63%
G056|Flying fish|Cypselurus oligolepis|Bulador/Borador|62%
G057|Garfish, common|Tylosurus crocodilus|Kambabalo/Hound needlefish|64%
G058|Gizzard shad, short-finned|Anodontostoma chacunda|Kabasi/Chacunda gizzard shad|36%
G059|Goatfish, ochrebanded|Upeneus sundaicus|Saramulyete|38%
G060|Goby, flat-headed|Glossogobius giurus|Biyang puti/Tank goby|39%
G061|Goby, long-tailed|Oxyurichthys microlepis|Talimusak|100%
G062|Gouramy|Osphronemus goramy|Gurami/Goramy|55%
G063|Grouper, whitespotted|Epinephelus corallicola|Lapu-lapu|49%
G064|Hair tail, largehead|Trichiurus lepturus|Balila|55%
G065|Halfbeak, long billed|Rhynchorhamphus georgii|Buguing|56%
G066|Hard-tail|Megalaspis cordyla|Oriles|37%
G067|Herring, big-eyed|Pellona ditchela|Tuabak/Dilat|31%
G068|Herring, deep-bodied|Sardinella albella|Lapad/White sardinella|59%
G069|Lizard fish, common|Saurida tumbil|Kalaso|45%
G070|Mackerel, short-bodied|Rastrelliger brachysoma|Hasa-hasa|52%
G071|Mackerel, short-bodied, fried|Rastrelliger brachysoma|Hasa-hasa, prito|68%
G072|Mackerel, Spanish|Scomberomorus commerson|Tangigi|69%
G073|Mackerel, Indian|Rastrelliger kanagurta|Alumahan|60%
G074|Milkfish|Chanos chanos|Bangus|65%
G075|Milkfish, broiled|Chanos chanos|Bangus, inihaw|71%
G076|Milkfish, fried|Chanos chanos|Bangus, prito|82%
G077|Mojarra, longfin|Pentaprion longimanus|Hubad|50%
G078|Mojarra, whipfin|Gerres filamentosus|Malakapas|46%
G079|Moonfish, spotted|Mene maculata|Chabita/Hiwas|48%
G080|Moray|Muraenidae sp|Malabanos|85%
G081|Mudfish/Murrel, striated|Channa striata|Dalag|61%
G082|Mudfish/Murrel, striated, boiled|Channa striata|Dalag, nilaga|-
G083|Mullet, black-finned|Planiliza melinopterus|Talilong/Otomebora mullet|49%
G084|Mullet, large-scaled|Ellochelon vaigiensis|Banak|67%
G085|Mussel, green|Perna viridis|Tahong|56%
G086|Mussel, green, boiled|Perna viridis|Tahong, nilaga|48%
G087|Bream, doublewhip threadfin|Nemipterus nematophorus|Bisugo|45%
G088|Octopus|Octopus spp.|Pugita|94%
G089|Oyster|Crassostrea sp.|Talaba|12%
G090|Oyster, window pane, meat|Placuna placenta|Kapis, laman|-
G091|Parrot fish, daisy|Chlorurus sordidus|Isdang loro|35%
G092|Threadfish, Indian|Alectis indica|Damis/Diamond trevally|54%
G093|Silvergrunt, bluecheek|Pomadasys argyreus|Bangok-ngok|29%
G094|Pomfret, black|Parastromateus niger|Pampano|48%
G095|Bream, humpnose big-eye|Monotaxis grandoculis|Malaking mata|46%
G096|Emperor, pink ear|Lethrinus lentjan|Bitilla|45%
G097|Seabream, goldsilk|Acanthopagrus berda|Bakokong moro|40%
G098|Red snapper/Malabar|Lutjanus malabaricus|Maya-maya|44%
G099|Runner, rainbow|Elagatis bipinnulata|Salmon|44%
G100|Sardine, bombon|Sardinella tawilis|Tawilis/Freshwater sardinella|-
G101|Sardine, fimbriated|Sardinella brachysoma|Tabagak|54%
G102|Sardine, fimbriated, fry|Sardinella fimbriata|Silinyasi|68%
G103|Sardine, Indian|Sardinella longiceps|Tamban/Sardine, Indian oil|52%
G104|Scad, big-eye|Selar crumenophthalmus|Matang baka|53%
G105|Scad, round|Decapterus macrosoma|Galunggong|49%
G106|Sea bass|Lates calcarifer|Apahap|55%
G107|Sea catfish, smooth-headed|Plicofollis nella|Bunguan/Bongoan|45%
G108|Sea cucumber|Holothuria spp.|Balatan/Trepang|100%
G113|Shrimp, banana prawn|Fenneropenaeus merguiensis|Hipon, puti|62%
G114|Shrimp, banana prawn, boiled|Fenneropenaeus merguiensis|Hipon, puti, nilaga|49%
G115|Shrimp, freshwater|Macrobrachium|Ulang|54%
G116|Shrimp, freshwater (small)|Palaemon sp.|Hipon, tagunton|100%
G117|Shrimp, giant tiger prawn|Penaeus monodon|Sugpo|63%
G118|Shrimp, giant tiger prawn, head|Penaeus monodon|Sugpo, ulo|50%
G119|Shrimp, greasy back|Metapenaeus ensis|Hipon, suwahe|60%
G120|Shrimp, greasy back, boiled|Metapenaeus ensis|Hipon, suwahe, nilaga|50%
G121|Shrimp, sergestid|Acetes sibogae|Alamang|100%
G122|Siganid, javan|Siganus javus|Samaral/Streaked spinefoot|46%
G123|Silver-bar fish|Chirocentrus dorab|Parang-parang/Dorab wolf-herring|70%
G125|Slipmouth, black-finned|Karalla daura|Dalangat|38%
G126|Slipmouth, common|Leiognathus equulus|Sapsap|40%
G127|Snail, black|Pila luzonica|Kuhol, itim|41%
G128|Snail, freshwater|Melanoides sp.|Susong pilipit|29%
G129|Snail, golden|Pomacea insularis|Kuhol, kulay ginto|52%
G130|Spadefish|Scatophagus argus|Kitang/Spotted scat|45%
G131|Squid|Loligo pealeii|Pusit|96%
G132|Squid, boiled|Loligo pealeii|Pusit, nilaga|98%
G133|Sting ray, blue-spotted|Neotrygon kuhlii|Dahonan/Dahunan|41%
G134|Sting ray, honeycomb|Himantura uarnak|Paging, bulik|36%
G135|Surgeonfish, blue-lined|Acanthurus mata|Labahita|41%
G136|Swordfish|Xiphias gladius|Malasugi|55%
G137|Tarpon|Megalops cyprinoides|Buwan-buwan|48%
G138|Ten-pounder, Hawaiian|Elops hawaiensis|Bidbid/Hawaiian ladyfish|56%
G139|Therapon, convex-lined|Terapon jarbua|Bagaong|39%
G140|Theraponid, silvery|Leiopotherapon plumbeus|Ayungin/Silver perch|35%
G141|Terapon, largescaled|Terapon theraps|Babansi|40%
G142|Threadfin fish|Filimanus heptadactyla|Mamale|35%
G143|Threadfin, fourfinger|Eleutheronema tetradactylum|Mamale|40%
G144|Threadfin, small-mouth|Polydactylus microstomus|Mamaleng-bato|42%
G145|Tilapia|Oreochromis mossambicus|N/A|46%
G146|Tuna, frigate|Auxis thazard|Tulingan|62%
G147|Tuna, yellow-fin|Thunnus albacares|Tambakol|67%
G148|Whiting, common|Sillago sihama|Asohos|46%
G149|Amber fish, dried|N/A|Tonto, daing|65%
G150|Anchovy, long-jawed, dried|N/A|Dilis, tuyo|100%
G151|Anchovy, long-jawed, dried, ground|N/A|Dilis, giniling|100%
G152|Fusilier, goldband, dried|N/A|Dalagang bukid, daing|66%
G153|Catfish, freshwater, dried|N/A|Hito, daing|65%
G154|Catfish, saltwater, dried|N/A|Kanduli, daing|56%
G155|Cavalla, banded, dried|N/A|Talakitok/Maliputo, daing|65%
G156|Cod, dried|N/A|Bakalaw, daing|73%
G157|Crab, mud/mangrove, meat, cnd|N/A|Alimango laman, de lata|100%
G158|Crevalle, deep-bellied, dried|N/A|Salay-salay aso, daing|46%
G159|Croaker, plain, dried|N/A|Alakaak, daing|59%
G160|Eel, swamp, dried|N/A|Palos, daing|82%
G161|Fish ball|N/A|N/A|100%
G162|Fish ball, fried|N/A|N/A|100%
G163|Fish preparation, quekiam|N/A|Kikyam|100%
G164|Flatfish/Brill, rough-scaled, dried|N/A|Dapa, tuyo|74%
G165|Flatfish/Brill, rough-scaled, dried|N/A|Dapa, daing|83%
G166|Gizzard shad, short-finned, dried|N/A|Kabasi, daing|47%
G167|Gizzard shad, short-finned, smoked|N/A|Kabasi, tinapa|53%
G168|Goby, flat-headed, dried|N/A|Biyang puti, daing|68%
G169|Sinarapan, dried|N/A|Tabyos, tuyo|100%
G170|Grouper, whitespotted, dried|N/A|Lapu-lapu, daing|52%
G171|Hard-tail, dried|N/A|Oriles, daing|67%
G172|Jellyfish, dried|N/A|Dikya, tuyo|100%
G173|Lizard fish, common, dried|N/A|Kalaso, daing|78%
G174|Mackerel scad, in tomato sce, cnd|N/A|Bakutut, sa tomato sce, de lata|100%
G175|Mackerel, short-bodied, dried|N/A|Hasa-hasa, tuyo|66%
G176|Mackerel, short-bodied, smoked|N/A|Hasa-hasa, tinapa|59%
G177|Mackerel, Spanish, dried|N/A|Tangigi, daing|96%
G178|Mackerel, Indian, dried|N/A|Alumahan, daing|62%
G179|Mackerel, Indian, in tomato sce|N/A|Alumahan, sa tomato sce|100%
G180|Milkfish, dried|N/A|Bangus, daing|84%
G181|Milkfish, in natural oil, cnd|N/A|Bangus, salmon style, de lata|100%
G182|Milkfish, in spiced oil, cnd|N/A|Bangus, Spanish style, de lata|100%
G183|Milkfish, smoked|N/A|Bangus, tinapa|65%
G184|Mudfish/Murrel, striated, dried|N/A|Dalag, daing|67%
G185|Mullet, black-finned, dried|N/A|Talilong, daing|51%
G186|Mullet, large-scaled, dried|N/A|Banak, daing|67%
G187|Bream, doublewhip threadfin, dried|N/A|Bisugo, daing|54%
G188|Oyster, dried|N/A|Talaba, tuyo|100%
G189|Parrot fish, daisy, dried|N/A|Isdang loro, daing|51%
G190|Emperor, pink ear, dried|N/A|Bitilla, tuyo|30%
G191|Seabream, goldsilk, dried|N/A|Bakokong moro, daing|46%
G192|Red snapper/Malabar, dried|N/A|Maya-maya, daing|73%
G193|Runner, rainbow, in oil, cnd|N/A|Salmon, sa mantika, de lata|100%
G194|Sardine, bombon, dried|N/A|Tawilis, tuyo|48%
G195|Sardine, bombon, smoked|N/A|Tawilis, tinapa|55%
G196|Sardine, fimbriated, fry, dried|N/A|Silinyasi, tuyo|57%
G197|Sardine, fimbriated, fry, dried|N/A|Silinyasi, daing|60%
G198|Sardine, fimbriated, smoked|N/A|Tabagak, tinapa|58%
G199|Sardine, Indian, dried|N/A|Tamban, daing|77%
G200|Sardine, Indian, dried|N/A|Tamban, tuyo|54%
G201|Sardine, Indian, smoked|N/A|Tamban, tinapa|60%
G202|Sardines, in spiced oil, cnd|N/A|Sardinas, Spanish style, de lata|100%
G203|Sardines, in tomato sce, cnd|N/A|Sardinas, sa tomato sce, de lata|100%
G204|Sardines, smoked, cnd|N/A|Sardinas, tinapa, de lata|100%
G205|Scad, big-eye, dried|N/A|Matang baka, daing|58%
G206|Scad, big-eye, smoked|N/A|Matang baka, tinapa|66%
G207|Scad, round, dried|N/A|Galunggong, daing|61%
G208|Scad, round, smoked|N/A|Galunggong, tinapa|70%
G209|Sea bass, dried|N/A|Apahap, daing|55%
G210|Shrimp, freshwater (small), dried|N/A|Tagunton, tuyo|100%
G211|Shrimp, sergestid, dried|N/A|Alamang, tuyo|100%
G212|Shrimp, small marine, dried|N/A|Hibe|100%
G213|Siganid, javan, dried|N/A|Samaral, daing|57%
G215|Slipmouth, common, dried|N/A|Sapsap, daing|51%
G216|Slipmouth, common, dried|N/A|Sapsap, tuyo|43%
G217|Squid, dried|N/A|Pusit, tuyo|98%
G218|Sting ray, honeycomb, dried|N/A|Paging, bulik, daing|-
G219|Surgeonfish, blue-lined, dried|N/A|Labahita, daing|73%
G220|Swordfish, dried|N/A|Malasugi, daing|90%
G221|Theraponid, silvery, dried|N/A|Ayungin, tuyo|64%
G222|Tilapia, dried|N/A|N/A|46%
G223|Tuna adobo, cnd|N/A|N/A|100%
G224|Tuna fillet, in soya oil, cnd|N/A|N/A|-
G225|Tuna fillet, in veg oil, cnd|N/A|N/A|100%
G226|Tuna flakes, in brine, cnd|N/A|N/A|100%
G227|Tuna flakes, in veg oil, cnd|N/A|N/A|100%
G228|Tuna mechado, cnd|N/A|N/A|100%
G229|Tuna sardines, in oil, cnd|N/A|N/A|-
G230|Tuna spread, cnd|N/A|N/A|100%
G231|Tuna, frigate, dried|N/A|Tulingan, daing|81%
G232|Tuna, yellow-fin, dried|N/A|Tambakol, daing|94%
H001|Egg, ant|N/A|Itlog, langgam|100%
H002|Egg, chicken, white|N/A|Itlog, manok, puti|100%
H003|Egg, chicken, whole|N/A|Itlog, manok, buo|87%
H004|Egg, chicken, whole, boiled|N/A|Itlog, manok, buo, nilaga|89%
H005|Egg, chicken, yolk|N/A|Itlog, manok, pula|100%
H006|Egg, duck, white|N/A|Itlog, pato, puti|100%
H007|Egg, duck, whole|N/A|Itlog, pato, buo|87%
H008|Egg, duck, yolk|N/A|Itlog, pato, pula|100%
H010|Egg, quail|N/A|Itlog, pugo|85%
H011|Egg, quail, boiled|N/A|Itlog, pugo, nilaga|88%
H015|Egg, duck, century|N/A|Century egg/Pidan|77%
H016|Egg, duck, fertilized, boiled|N/A|Balut, nilaga|74%
H017|Egg, duck, fertilized, embryo|N/A|Balut, sisiw|100%
H018|Egg, duck, fertilized, white|N/A|Balut, bato|100%
H019|Egg, duck, fertilized, yolk|N/A|Balut, pula|100%
H020|Egg, duck, infertile, boiled|N/A|Penoy, nilaga|84%
H021|Egg, duck, whole, salted|N/A|Itlog, pato, maalat|83%
H022|Egg, quail, pickled|N/A|Itlog, pugo, pickled|100%
J001|Cheese, cheddar, pasteurized, processed|N/A|N/A|100%
J002|Cheese, cottage|N/A|N/A|100%
J003|Cheese, filled|N/A|N/A|100%
J004|Cheese, native|N/A|Kesong puti|100%
J005|Cheese, pimiento|N/A|N/A|100%
J006|Cheese, spread|N/A|N/A|100%
J007|Cream|N/A|Krema|100%
J008|Ice cream|N/A|Sorbetes/Street ice cream|100%
J009|Ice cream, strawberry flvr|N/A|Sorbetes, lasang strawberry|100%
J010|Milk drink, cultured|N/A|N/A|100%
J011|Milk drink, recon, strawberry, UHT|N/A|N/A|100%
J012|Milk, buttermilk|N/A|Gatas, buttermilk|100%
J013|Milk, carabao|N/A|Gatas, kalabaw|100%
J014|Milk, cow|N/A|Gatas, baka|100%
J015|Milk, evaporated|N/A|Gatas, evaporada|100%
J016|Milk, evaporated, filled|N/A|Gatas, evaporada, filled|100%
J017|Milk, goat|N/A|Gatas, kambing|100%
J018|Milk, human|N/A|Gatas ng ina/Breast milk|100%
J019|Milk, pwdr, filled, inst|N/A|Gatas, pulbos, filled, inst|100%
J020|Milk, pwdr, full cream|N/A|Gatas, pulbos, full cream|100%
J021|Milk, pwdr, infant formula|N/A|Gatas, pulbos, infant formula|100%
J022|Milk, pwdr, non-fat, inst|N/A|Gatas, pulbos, non-fat, inst|100%
J023|Milk, pwdr, skim|N/A|Gatas, pulbos, skim|100%
J024|Milk, recombined|N/A|Gatas, recombined|100%
J025|Milk, sweetn, cond, filled|N/A|Gatas, kondensada, filled|100%
J026|Yoghurt|N/A|N/A|100%
K001|Butter|N/A|Mantekilya|100%
K002|Coconut milk|N/A|Niyog, gata|100%
K003|Fat, pork|N/A|Mantika, baboy|100%
K004|Margarine|N/A|Margarina|100%
K006|Margarine, fortified|N/A|N/A|100%
K007|Mayonnaise|N/A|N/A|100%
K008|Oil, coconut|N/A|Langis, niyog|100%
K009|Oil, corn|N/A|Langis, mais|100%
K010|Oil, fish|N/A|Aseyte/aceite, isda|100%
K011|Sandwich spread|N/A|N/A|100%
M001|Breadfruit, candied|N/A|Rimas, candied|100%
M002|Candy bar, peanut|N/A|Matamis na mani|100%
M003|Candy bar, pili nut|N/A|Matamis na pili/Mazapan de pili|100%
M004|Candy, custard|N/A|Yema|100%
M005|Candy, hard|N/A|N/A|100%
M006|Candy, milk choc|N/A|N/A|100%
M007|Candy, pili nut|N/A|N/A|100%
M008|Candy, pulled|N/A|Tira-tira|100%
M009|Candy, toffee|N/A|N/A|100%
M010|Carageenan gel, assorted fruit-flvr|N/A|Gulaman, may lasang prutas|100%
M011|Caramelo|N/A|N/A|100%
M012|Champoy|N/A|N/A|90%
M013|Chocolate, tablea|N/A|N/A|100%
M014|Coco jam|N/A|Matamis na bao|100%
M016|Creme custard|N/A|Leche flan|100%
M017|Fudge, durian|N/A|Pastilyas, durian|100%
M018|Fudge, jackfruit|N/A|Pastilyas, langka|100%
M019|Fudge, milk|N/A|Pastilyas, gatas|100%
M020|Fudge, yam|N/A|Pastilyas, ube|100%
M021|Honey|N/A|Pulot-pukyutan|100%
M022|Ice candy|N/A|N/A|100%
M023|Ice drop|N/A|N/A|100%
M024|Jam, jackfruit & pineapple, cnd|N/A|N/A|100%
M025|Jam, mango, cnd|N/A|N/A|100%
M026|Jam, pineapple|N/A|N/A|100%
M027|Jam, yam|N/A|Halaya, ubi|100%
M028|Jelly, guava|N/A|N/A|100%
M030|Jelly, pineapple|N/A|N/A|100%
M031|Jelly, strawberry|N/A|N/A|100%
M032|Masareal|N/A|Mazareal|100%
M033|Marshmallow|N/A|N/A|100%
M034|Milk choc bar, orange crunch|N/A|N/A|100%
M035|Nata de coco, sweetn|N/A|N/A|100%
M036|Nata de piña, sweetn|N/A|N/A|100%
M037|Peanut brittle|N/A|N/A|100%
M038|Peanut brittle w/ sesame seed|N/A|N/A|100%
M039|Peanut, milk choc-coated|N/A|Mani, binalot sa tsokolate gatas|100%
M040|Polvoron|N/A|N/A|100%
M041|Popsicle, choc flvr|N/A|N/A|100%
M042|Sugar, brown|N/A|Asukal, pula|100%
M043|Sugar, crude, pakaskas|N/A|Pakaskas|100%
M044|Sugar, crude, panocha|N/A|Panocha|100%
M045|Sugar, pwdr|N/A|Asukal, pulbos/Confectioner's sugar|100%
M046|Sugar, white, refined|N/A|Asukal, puti, refinado|100%
M047|Syrup|N/A|Arnibal|100%
M048|Syrup, molasses, cane|N/A|Pulot|100%
M049|Tamarind, candied|N/A|Sampalok, candied|93%
M050|Wax gourd, candied|N/A|Kundol, candied|100%
M051|Sugar, coconut sap|N/A|Coco sugar|100%
M052|Syrup, coconut sap|N/A|Coco syrup|100%
N001|Bilimbi, dried|N/A|Kamyas, tuyo|100%
N002|Bouillon cube, beef|N/A|Beef cube|100%
N003|Bouillon cube, chicken|N/A|Chicken cube|100%
N004|Catsup, banana|N/A|N/A|100%
N005|Catsup, tomato|N/A|N/A|100%
N006|Clam paste, ginamos|N/A|Bagoong tulya, ginamos|100%
N007|Fish paste, anchovy|N/A|Bagoong dilis|100%
N008|Fish paste, balatohan|N/A|Bagoong balatohan|-
N009|Fish paste, ginamos|N/A|Bagoong isda, ginamos|100%
N010|Fish paste, siganid fry|N/A|Bagoong padas|100%
N011|Fish sauce|N/A|Patis|100%
N013|Lechon sauce|N/A|Litson sarsa|100%
N014|Lemon grass lvs|Cymbopogon citratus|Tanglad dahon|-
N015|Lemon grass lvs, boiled|Cymbopogon citratus|Tanglad dahon, nilaga|100%
N016|Banana, flowers, dried|N/A|Saging bulaklak, tuyo|98%
N017|Oyster paste|N/A|Bagoong talaba/Sise|100%
N018|Safflower, flowers, dried|Carthamus tinctorius|Kasubha bulaklak, tuyo|100%
N019|Salt, coarse|N/A|Asin, magaspang|100%
N020|Shrimp paste|N/A|Bagoong hipon|100%
N021|Shrimp paste, alamang|N/A|Bagoong hipon, alamang|100%
N022|Shrimp paste, bastos|N/A|Bagoong hipon, bastos|100%
N023|Soy sauce|N/A|Toyo|100%
N024|Tomato paste|N/A|N/A|100%
N025|Tomato sauce|N/A|N/A|100%
N027|Vinegar, coconut|N/A|Suka, niyog|100%
N028|Vinegar, palm|N/A|Suka, sasa|100%
N029|Vinegar, pineapple|N/A|Suka, pinya|100%
N030|Worcestershire sauce|N/A|N/A|100%
N031|Shrimp paste, sauteed|N/A|Bagoong alamang, ginisa|100%
P001|Beer, lager type|N/A|Serbesa|100%
P002|Palm sap, fermented|N/A|Tuba|100%
P003|Rum|N/A|N/A|100%
P004|Sugarcane, fermented|N/A|Basi|100%
P005|Wine, Chinese|N/A|Alak, Tsina|100%
Q001|Ceylon moss/Agar-agar, in light syrup|N/A|Gulaman palamig|100%
Q002|Choc-flvr drink, prep|N/A|N/A|100%
Q003|Choc-flvr drink, pwdr|N/A|N/A|100%
Q004|Choc-flvr drink, UHT|N/A|N/A|100%
Q005|Choc-flvr energy drnk, granules, fortified|N/A|N/A|100%
Q006|Choc-flvr energy drnk, pwdr, fortified|N/A|N/A|100%
Q007|Choc-flvr food milk, pwdr|N/A|N/A|100%
Q008|Cocoa, pwdr, imported|N/A|Kakaw, pulbos, imported|100%
Q009|Cocoa, pwdr, local|N/A|Kakaw, pulbos, lokal|100%
Q010|Coconut water|N/A|Niyog, tubig|100%
Q011|Coffee, creamer & sugar (3 in 1)|N/A|N/A|100%
Q012|Coffee, inst, 100% pure|N/A|N/A|100%
Q013|Coffee, roasted|N/A|N/A|100%
Q014|Coffee, soybean, w/ seed coat|N/A|N/A|100%
Q015|Coffee, soybean, w/o seed coat|N/A|N/A|100%
Q016|Fruit jce drnk conc, calamansi|N/A|N/A|100%
Q017|Fruit jce drnk conc, grape|N/A|N/A|100%
Q018|Fruit jce drnk conc, grapefruit|N/A|N/A|100%
Q019|Fruit jce drnk conc, guyabano|N/A|N/A|100%
Q020|Fruit jce drnk conc, mango|N/A|N/A|100%
Q021|Fruit jce drnk conc, orange|N/A|N/A|100%
Q022|Fruit jce drnk, apple, ttb|N/A|N/A|100%
Q023|Fruit jce drnk, citrus cooler, ttb|N/A|N/A|100%
Q025|Fruit jce drnk, grape, ttpk|N/A|N/A|100%
Q026|Fruit jce drnk, guava, ttpk|N/A|N/A|100%
Q027|Fruit jce drnk, guyabano, btl|N/A|N/A|100%
Q028|Fruit jce drnk, mango, btl|N/A|N/A|100%
Q029|Fruit jce drnk, mango, polyfoil|N/A|N/A|100%
Q030|Fruit jce drnk, mango, ttb|N/A|N/A|100%
Q031|Fruit jce drnk, orange & pineapple, ttb|N/A|N/A|100%
Q032|Fruit jce drnk, orange, btl|N/A|N/A|100%
Q033|Fruit jce drnk, orange, polyfoil|N/A|N/A|100%
Q034|Fruit jce drnk, orange, ttb|N/A|N/A|100%
Q035|Fruit jce drnk, pineapple & lychee, ttb|N/A|N/A|100%
Q036|Fruit jce drnk, pineapple & orange, cnd|N/A|N/A|100%
Q037|Fruit jce drnk, pineapple, ttb|N/A|N/A|100%
Q038|Fruit jce drnk, strawberry, polyfoil|N/A|N/A|100%
Q039|Fruit jce drnk, sugarcane, ttb|N/A|N/A|100%
Q040|Fruit-flvr drnk conc, orange|N/A|N/A|100%
Q041|Fruit-flvr drnk conc, strawberry|N/A|N/A|100%
Q042|Fruit-flvr drnk, pwdr, orange|N/A|N/A|100%
Q043|Juice, apple, cnd|N/A|N/A|100%
Q044|Juice, calamansi (nectar)|N/A|N/A|100%
Q045|Juice, mango|N/A|N/A|100%
Q046|Juice, orange, unsweetn, cnd|N/A|N/A|100%
Q047|Juice, pineapple & grapefruit, cnd|N/A|N/A|100%
Q048|Juice, pineapple, cnd|N/A|N/A|100%
Q049|Juice, sugarcane|N/A|Katas, tubo|100%
Q050|Juice, tomato, cnd|N/A|N/A|100%
Q051|Lemon tea drink, ttb|N/A|N/A|100%
Q052|Sago in light syrup|N/A|Sago palamig|100%
Q053|Softdrink, cola|N/A|N/A|100%
Q054|Softdrink, orange flvr|N/A|N/A|100%
Q055|Soy drink, pwdr, plain|N/A|N/A|100%
Q056|Soy drnk, pwdr, corn flvr|N/A|N/A|100%
Q057|Soy drnk, pwdr, pandan flvr|N/A|N/A|100%
Q058|Soybean milk drink, choc-flvr|N/A|N/A|100%
Q059|Soybean milk drnk|N/A|N/A|100%
Q060|Tea lvs, dried|N/A|Tsaa dahon, tuyo|-
Q061|Young coconut (shredded) drnk|N/A|Buko palamig|100%
R001|Cheese pimiento sandwich|N/A|N/A|100%
R002|Cheese sandwich|N/A|N/A|100%
R003|Cheeseburger sandwich|N/A|N/A|100%
R004|Steamed bun, mung bean filling|N/A|Siopao, munggo|100%
R005|Steamed bun, pork filling|N/A|Siopao, baboy|100%
R006|Glutinous rice w/ mung bean & cocomilk|N/A|Ginataang munggo|100%
R007|Hamburger sandwich w/ coleslaw|N/A|N/A|100%
R008|Hamburger sandwich, reg|N/A|N/A|100%
R009|Meat pie|N/A|Empanada|100%
R010|Meat roll|N/A|Mechado roll|100%
R011|Rice gruel w/ chicken|N/A|Arroz caldo|100%
R012|Rice gruel w/ choc & milk|N/A|Champorado, may gatas|100%
R013|Rice gruel w/ tripe|N/A|Lugaw, may goto|100%
R014|Spaghetti, meat balls & tomato sce, cnd|N/A|N/A|100%
R015|Spaghetti, Vienna sausage & tomato sce, cnd|N/A|N/A|100%
R016|Buko pie|N/A|N/A|100%
R017|Egg pie|N/A|N/A|100%
R018|Halu-halo, cnd|N/A|N/A|100%
R019|Halu-halo, w/ ice|N/A|N/A|100%
R020|Pineapple pie|N/A|N/A|100%
R021|Pizza pie|N/A|N/A|100%
R022|Milk fish, w/ black beans, cnd|N/A|Bangus may tawsi, de lata|94%
R023|Spring roll, crab, unckd|N/A|Lumpia, alimango, hindi luto|100%
R024|Spring roll, fish, unckd|N/A|Lumpia, isda, hindi luto|100%
R025|Spring roll, shrimp, unckd|N/A|Lumpia, hipon, hindi luto|100%
R026|Beef & tomato spread, cnd|N/A|N/A|100%
R027|Beef caldereta, cnd|N/A|N/A|95%
R028|Beef callos, cnd|N/A|N/A|100%
R029|Beef curry, cnd|N/A|N/A|100%
R030|Beef hamburger w/ tomato sce, cnd|N/A|N/A|100%
R031|Beef kare-kare, cnd|N/A|N/A|-
R032|Beef roll, mechado, cnd|N/A|N/A|100%
R033|Beef roll, morcon, cnd|N/A|N/A|100%
R034|Beef steak, cnd|N/A|N/A|100%
R035|Beef stew, cnd|N/A|N/A|100%
R036|Beef w/ gravy, cnd|N/A|N/A|100%
R037|Beef w/ mushroom sce, cnd|N/A|N/A|100%
R038|Beef w/chickpeas, cnd|N/A|N/A|100%
R039|Beef, chili con carne, cnd|N/A|N/A|100%
R040|Chicken stew, cnd|N/A|N/A|-
R041|Corned beef hash, cnd|N/A|N/A|100%
R042|Duck meat, pato tim, cnd|N/A|Pato tim, de lata|100%
R045|Meat ball & quail egg, sw & sr sce, cnd|N/A|N/A|100%
R047|Pork & chicken adobo, cnd|N/A|N/A|100%
R050|Pork adobo, cnd|N/A|N/A|100%
R051|Pork adobo, w/ egg, cnd|N/A|N/A|-
R052|Pork afritada, cnd|N/A|Apritadang baboy, de lata|100%
R053|Pork blood stew, cnd|N/A|Dinuguan baboy, de lata|-
R054|Pork humba, cnd|N/A|N/A|100%
R055|Pork leg w/ mushroom sce, cnd|N/A|N/A|89%
R056|Pork leg, mushroom & chestnut, cnd|N/A|N/A|-
R057|Pork leg, pinaksiw, cnd|N/A|N/A|88%
R058|Pork pastel, cnd|N/A|N/A|100%
R059|Pork w/ black beans, cnd|N/A|Baboy may tawsi, de lata|100%
R060|Pork, roasted, pinaksiw, cnd|N/A|Lechon paksiw, de lata|-
R061|Roast beef hash, cnd|N/A|N/A|100%
R062|Spring roll, beef, unckd|N/A|Lumpia, baka, hindi luto|100%
R063|Spring roll, chicken, unckd|N/A|Lumpia, manok, hindi luto|100%
R064|Spring roll, Shanghai, unckd|N/A|Lumpia, Shanghai, hindi luto|100%
R065|Chicken noodle broth, inst|N/A|N/A|100%
R066|Soup, beans w/ bacon, cond, cnd|N/A|N/A|100%
R067|Soup, beef & veg, cnd|N/A|N/A|100%
R068|Soup, bird's nest (nido), cond, cnd|N/A|N/A|100%
R069|Soup, chicken & asparagus, cnd|N/A|N/A|100%
R070|Soup, chicken & veg, cnd|N/A|N/A|100%
R071|Soup, chicken & veg, cond, cnd|N/A|N/A|100%
R072|Soup, chicken noodle, cnd|N/A|N/A|100%
R073|Soup, corn potage, cond, cnd|N/A|N/A|100%
R074|Soup, cream of asparagus, cond, cnd|N/A|N/A|100%
R075|Soup, cream of chicken, cond, cnd|N/A|N/A|100%
R076|Soup, cream of mushroom, cnd|N/A|N/A|100%
R077|Soup, mungbean w/ shrimp, ckd|N/A|N/A|100%
R078|Soup, noodles & beef, cond, cnd|N/A|N/A|100%
R079|Soup, pansit molo, cond, cnd|N/A|N/A|100%
R081|Soup, sotanghon, cond|N/A|N/A|100%
R082|Soup, turkey noodle, cnd|N/A|N/A|100%
R083|Soup, veg alphabet, cnd|N/A|N/A|100%
R084|Soup, veg, cond, cnd|N/A|N/A|100%
R085|Soup, vermicelli & chicken, cond, cnd|N/A|N/A|100%
R086|Pork & beans, cnd|N/A|N/A|100%
R088|Hotcake, prep, w/ MLP|N/A|N/A|100%
R089|Polvoron, prep, w/ MLP|N/A|N/A|100%
R090|Gelatin drink, w/ MLP|N/A|Jello almond w/ MLP|100%
R091|Ice candy, prep, w/ MLP|N/A|Frozen refreshment w/ MLP|100%
R092|Yacon shake, prep|N/A|Yacon cooler|100%
R093|Carbonara, prep, w/ MLP|N/A|N/A|100%
R094|Fruit salad, prep, w/ yacon|N/A|Yacon salad twister|100%
R095|Macaroni salad, prep, w/ yacon|N/A|Yacon macaroni salad|100%
R096|Waldorf salad, prep, w/ yacon|N/A|Yacon, waldorf salad|100%
R097|Anchovy fry omelet, prep, w/ MLP|N/A|Dulong omelet w/ MLP|100%
R098|Red snapper fritata, prep, w/ MLP|N/A|Maya-maya torta w/ MLP|100%
R099|Chopsuey, prep, w/ yacon|N/A|Yacon chopsuey|100%
R100|Wonton soup, prep, w/ MLP|N/A|Pancit molo, w/ MLP|100%
R101|Pork wonton, prep, w/ MLP|N/A|Siomai w/ MLP|100%
R102|Scrambled egg, prep, w/ MLP|N/A|N/A|100%
R103|Shanghai pork roll, prep, w/ yacon|N/A|Yacon lumpiang shanghai|100%
R104|Fried rice mix, w/ yacon|N/A|Yacon-rice medley|100%
R105|Vegetable stir-fry w/ quail eggs, prep, w/ yacon|N/A|Yacon w/ quail eggs|100%
R106|Vegetable soup, prep, w/ yacon|N/A|Yacon-veggie summer vegetable soup|100%
R107|Vegetable spring roll, fresh, w/ yacon|N/A|Yacon lumpiang sariwa|100%
R108|Pork ball, wrapped|N/A|Pork wonton/Pork siomai|100%
S001|Beef w/ veg, str|N/A|N/A|100%
S002|Beef, egg noodle, veg, str|N/A|N/A|100%
S003|Carrot, str|N/A|N/A|100%
S004|Cereals, applesce & banana, str|N/A|N/A|100%
S005|Chicken noodle, str|N/A|N/A|100%
S006|Chicken w/ veg, str|N/A|N/A|100%
S007|Chicken, asparagus, str|N/A|N/A|100%
S008|Cream chicken soup, str|N/A|N/A|100%
S009|Custard pudding, choco, str|N/A|N/A|100%
S010|Custard pudding, vanilla, str|N/A|N/A|100%
S011|Fruit w/ tapioca, str|N/A|N/A|100%
S013|Mango & papaya, str|N/A|N/A|100%
S014|Mango, str|N/A|N/A|100%
S015|Mixed fruits, str|N/A|N/A|100%
S016|Mixed veg, str|N/A|N/A|100%
S017|Peach, str|N/A|N/A|100%
S018|Rice w/ chicken, str|N/A|N/A|100%
S019|Squash, str|N/A|N/A|100%
S021|Veg, liver & bacon, str|N/A|N/A|100%
T001|Azolla pinnata|N/A|N/A|100%
T002|Baking powder|N/A|N/A|100%
T004|Ceylon moss/Agar-agar bar|N/A|Gulaman|100%
T005|Coffee creamer, non-dairy|N/A|N/A|100%
T006|Chlorella|Chlorella pyrenoidosa|N/A|100%
T007|Gelatin powder|N/A|N/A|100%
T008|Rice washing|N/A|Hugas-bigas|100%
T009|Yeast, baker's, active, dry|N/A|Lebadura, baker's, tuyo|100%
M015|Coconut meat, grated, sweetn|N/A|Bukayo|100%
D304|Ginger|Zingiber officinale|Luya|74%
D305|Turmeric|Curcuma longa L.|Luyang dilaw|71%
H023|Egg mass, sea hare|Dolabella auricularia|Lukot|100%
Q062|Tea, prep w/ water, no sugar|N/A|N/A|100%
T012|Locust|Locusta migratoria manilensis|Balang|81%
